-- phpMyAdmin SQL Dump
-- version 5.1.0
-- https://www.phpmyadmin.net/
--
-- Host: 127.0.0.1
-- Waktu pembuatan: 09 Agu 2021 pada 11.34
-- Versi server: 10.4.18-MariaDB
-- Versi PHP: 7.4.16

SET SQL_MODE = "NO_AUTO_VALUE_ON_ZERO";
START TRANSACTION;
SET time_zone = "+00:00";


/*!40101 SET @OLD_CHARACTER_SET_CLIENT=@@CHARACTER_SET_CLIENT */;
/*!40101 SET @OLD_CHARACTER_SET_RESULTS=@@CHARACTER_SET_RESULTS */;
/*!40101 SET @OLD_COLLATION_CONNECTION=@@COLLATION_CONNECTION */;
/*!40101 SET NAMES utf8mb4 */;

--
-- Database: `skripsi`
--

-- --------------------------------------------------------

--
-- Struktur dari tabel `barang`
--

CREATE TABLE `barang` (
  `id_barang` int(3) NOT NULL,
  `id_jenis_kain` int(11) NOT NULL,
  `nama_barang` varchar(100) NOT NULL,
  `harga` int(9) NOT NULL
) ENGINE=InnoDB DEFAULT CHARSET=utf8mb4;

--
-- Dumping data untuk tabel `barang`
--

INSERT INTO `barang` (`id_barang`, `id_jenis_kain`, `nama_barang`, `harga`) VALUES
(28, 3, 'Merah Putih', 90000),
(29, 4, 'Merah Putih', 100000),
(30, 5, 'Merah Putih', 70000),
(31, 8, 'Busana / Batik', 117000),
(32, 6, 'Olahraga', 40000),
(33, 7, 'Olahraga', 50000),
(34, 3, 'Pramuka', 90000),
(35, 4, 'Pramuka', 100000),
(36, 5, 'Pramuka', 70000);

-- --------------------------------------------------------

--
-- Struktur dari tabel `detail_transaksi`
--

CREATE TABLE `detail_transaksi` (
  `id_detail_transaksi` int(9) NOT NULL,
  `id_transaksi` varchar(8) NOT NULL,
  `id_barang` int(3) NOT NULL,
  `id_kriteria` int(3) NOT NULL,
  `nama_barang_detail` text NOT NULL,
  `value_kriteria` varchar(50) NOT NULL,
  `status_pengerjaan` enum('Belum Selesai','Selesai') NOT NULL
) ENGINE=InnoDB DEFAULT CHARSET=utf8mb4;

--
-- Dumping data untuk tabel `detail_transaksi`
--

INSERT INTO `detail_transaksi` (`id_detail_transaksi`, `id_transaksi`, `id_barang`, `id_kriteria`, `nama_barang_detail`, `value_kriteria`, `status_pengerjaan`) VALUES
(1, 'T0000001', 28, 5, 'Purworejo 01,99999,Merah Putih (Dril) 0000000001,56', '5', 'Belum Selesai'),
(2, 'T0000001', 31, 5, 'Purworejo 01,99999,Busana / Batik (Cemara) 0000000001,56', '5', 'Belum Selesai'),
(3, 'T0000001', 32, 5, 'Purworejo 01,99999,Olahraga (TC) 0000000001,56', '1', 'Belum Selesai'),
(4, 'T0000001', 34, 5, 'Purworejo 01,99999,Pramuka (Dril) 0000000001,56', '7', 'Belum Selesai'),
(5, 'T0000001', 28, 6, 'Purworejo 01,99999,Merah Putih (Dril) 0000000001,56', '2000000', 'Belum Selesai'),
(6, 'T0000001', 31, 6, 'Purworejo 01,99999,Busana / Batik (Cemara) 0000000001,56', '2000000', 'Belum Selesai'),
(7, 'T0000001', 32, 6, 'Purworejo 01,99999,Olahraga (TC) 0000000001,56', '2000000', 'Belum Selesai'),
(8, 'T0000001', 34, 6, 'Purworejo 01,99999,Pramuka (Dril) 0000000001,56', '2000000', 'Belum Selesai'),
(9, 'T0000001', 28, 7, 'Purworejo 01,99999,Merah Putih (Dril) 0000000001,56', '56', 'Belum Selesai'),
(10, 'T0000001', 31, 7, 'Purworejo 01,99999,Busana / Batik (Cemara) 0000000001,56', '56', 'Belum Selesai'),
(11, 'T0000001', 32, 7, 'Purworejo 01,99999,Olahraga (TC) 0000000001,56', '56', 'Belum Selesai'),
(12, 'T0000001', 34, 7, 'Purworejo 01,99999,Pramuka (Dril) 0000000001,56', '56', 'Belum Selesai'),
(13, 'T0000001', 28, 16, 'Purworejo 01,99999,Merah Putih (Dril) 0000000001,56', '3', 'Belum Selesai'),
(14, 'T0000001', 31, 16, 'Purworejo 01,99999,Busana / Batik (Cemara) 0000000001,56', '3', 'Belum Selesai'),
(15, 'T0000001', 32, 16, 'Purworejo 01,99999,Olahraga (TC) 0000000001,56', '3', 'Belum Selesai'),
(16, 'T0000001', 34, 16, 'Purworejo 01,99999,Pramuka (Dril) 0000000001,56', '3', 'Belum Selesai'),
(17, 'T0000001', 28, 17, 'Purworejo 01,99999,Merah Putih (Dril) 0000000001,56', '1', 'Belum Selesai'),
(18, 'T0000001', 31, 17, 'Purworejo 01,99999,Busana / Batik (Cemara) 0000000001,56', '5', 'Belum Selesai'),
(19, 'T0000001', 32, 17, 'Purworejo 01,99999,Olahraga (TC) 0000000001,56', '3', 'Belum Selesai'),
(20, 'T0000001', 34, 17, 'Purworejo 01,99999,Pramuka (Dril) 0000000001,56', '9', 'Belum Selesai'),
(21, 'T0000002', 28, 5, 'Karanganom 01,09999,Merah Putih (Dril) 0000000002,56', '3', 'Belum Selesai'),
(22, 'T0000002', 31, 5, 'Karanganom 01,09999,Busana / Batik (Cemara) 0000000002,56', '5', 'Belum Selesai'),
(23, 'T0000002', 32, 5, 'Karanganom 01,09999,Olahraga (TC) 0000000002,56', '3', 'Belum Selesai'),
(24, 'T0000002', 34, 5, 'Karanganom 01,09999,Pramuka (Dril) 0000000002,56', '7', 'Belum Selesai'),
(25, 'T0000002', 28, 6, 'Karanganom 01,09999,Merah Putih (Dril) 0000000002,56', '1500000', 'Belum Selesai'),
(26, 'T0000002', 31, 6, 'Karanganom 01,09999,Busana / Batik (Cemara) 0000000002,56', '1500000', 'Belum Selesai'),
(27, 'T0000002', 32, 6, 'Karanganom 01,09999,Olahraga (TC) 0000000002,56', '1500000', 'Belum Selesai'),
(28, 'T0000002', 34, 6, 'Karanganom 01,09999,Pramuka (Dril) 0000000002,56', '1500000', 'Belum Selesai'),
(29, 'T0000002', 28, 7, 'Karanganom 01,09999,Merah Putih (Dril) 0000000002,56', '56', 'Belum Selesai'),
(30, 'T0000002', 31, 7, 'Karanganom 01,09999,Busana / Batik (Cemara) 0000000002,56', '56', 'Belum Selesai'),
(31, 'T0000002', 32, 7, 'Karanganom 01,09999,Olahraga (TC) 0000000002,56', '56', 'Belum Selesai'),
(32, 'T0000002', 34, 7, 'Karanganom 01,09999,Pramuka (Dril) 0000000002,56', '56', 'Belum Selesai'),
(33, 'T0000002', 28, 16, 'Karanganom 01,09999,Merah Putih (Dril) 0000000002,56', '3', 'Belum Selesai'),
(34, 'T0000002', 31, 16, 'Karanganom 01,09999,Busana / Batik (Cemara) 0000000002,56', '3', 'Belum Selesai'),
(35, 'T0000002', 32, 16, 'Karanganom 01,09999,Olahraga (TC) 0000000002,56', '3', 'Belum Selesai'),
(36, 'T0000002', 34, 16, 'Karanganom 01,09999,Pramuka (Dril) 0000000002,56', '3', 'Belum Selesai'),
(37, 'T0000002', 28, 17, 'Karanganom 01,09999,Merah Putih (Dril) 0000000002,56', '5', 'Belum Selesai'),
(38, 'T0000002', 31, 17, 'Karanganom 01,09999,Busana / Batik (Cemara) 0000000002,56', '9', 'Belum Selesai'),
(39, 'T0000002', 32, 17, 'Karanganom 01,09999,Olahraga (TC) 0000000002,56', '5', 'Belum Selesai'),
(40, 'T0000002', 34, 17, 'Karanganom 01,09999,Pramuka (Dril) 0000000002,56', '7', 'Belum Selesai'),
(41, 'T0000003', 30, 5, 'Karanganom 02,09999,Merah Putih (Osfot) 0000000003,28', '3', 'Belum Selesai'),
(42, 'T0000003', 31, 5, 'Karanganom 02,09999,Busana / Batik (Cemara) 0000000003,28', '7', 'Belum Selesai'),
(43, 'T0000003', 33, 5, 'Karanganom 02,09999,Olahraga (Katun) 0000000003,28', '3', 'Belum Selesai'),
(44, 'T0000003', 36, 5, 'Karanganom 02,09999,Pramuka (Osfot) 0000000003,28', '9', 'Belum Selesai'),
(45, 'T0000003', 30, 6, 'Karanganom 02,09999,Merah Putih (Osfot) 0000000003,28', '500000', 'Belum Selesai'),
(46, 'T0000003', 31, 6, 'Karanganom 02,09999,Busana / Batik (Cemara) 0000000003,28', '500000', 'Belum Selesai'),
(47, 'T0000003', 33, 6, 'Karanganom 02,09999,Olahraga (Katun) 0000000003,28', '500000', 'Belum Selesai'),
(48, 'T0000003', 36, 6, 'Karanganom 02,09999,Pramuka (Osfot) 0000000003,28', '500000', 'Belum Selesai'),
(49, 'T0000003', 30, 7, 'Karanganom 02,09999,Merah Putih (Osfot) 0000000003,28', '28', 'Belum Selesai'),
(50, 'T0000003', 31, 7, 'Karanganom 02,09999,Busana / Batik (Cemara) 0000000003,28', '28', 'Belum Selesai'),
(51, 'T0000003', 33, 7, 'Karanganom 02,09999,Olahraga (Katun) 0000000003,28', '28', 'Belum Selesai'),
(52, 'T0000003', 36, 7, 'Karanganom 02,09999,Pramuka (Osfot) 0000000003,28', '28', 'Belum Selesai'),
(53, 'T0000003', 30, 16, 'Karanganom 02,09999,Merah Putih (Osfot) 0000000003,28', '1', 'Belum Selesai'),
(54, 'T0000003', 31, 16, 'Karanganom 02,09999,Busana / Batik (Cemara) 0000000003,28', '1', 'Belum Selesai'),
(55, 'T0000003', 33, 16, 'Karanganom 02,09999,Olahraga (Katun) 0000000003,28', '1', 'Belum Selesai'),
(56, 'T0000003', 36, 16, 'Karanganom 02,09999,Pramuka (Osfot) 0000000003,28', '1', 'Belum Selesai'),
(57, 'T0000003', 30, 17, 'Karanganom 02,09999,Merah Putih (Osfot) 0000000003,28', '5', 'Belum Selesai'),
(58, 'T0000003', 31, 17, 'Karanganom 02,09999,Busana / Batik (Cemara) 0000000003,28', '5', 'Belum Selesai'),
(59, 'T0000003', 33, 17, 'Karanganom 02,09999,Olahraga (Katun) 0000000003,28', '1', 'Belum Selesai'),
(60, 'T0000003', 36, 17, 'Karanganom 02,09999,Pramuka (Osfot) 0000000003,28', '9', 'Belum Selesai'),
(61, 'T0000004', 30, 5, 'Sari Kemuning 01,99999,Merah Putih (Osfot) 0000000004,28', '5', 'Belum Selesai'),
(62, 'T0000004', 31, 5, 'Sari Kemuning 01,99999,Busana / Batik (Cemara) 0000000004,28', '1', 'Belum Selesai'),
(63, 'T0000004', 33, 5, 'Sari Kemuning 01,99999,Olahraga (Katun) 0000000004,28', '7', 'Belum Selesai'),
(64, 'T0000004', 36, 5, 'Sari Kemuning 01,99999,Pramuka (Osfot) 0000000004,28', '1', 'Belum Selesai'),
(65, 'T0000004', 30, 6, 'Sari Kemuning 01,99999,Merah Putih (Osfot) 0000000004,28', '1500000', 'Belum Selesai'),
(66, 'T0000004', 31, 6, 'Sari Kemuning 01,99999,Busana / Batik (Cemara) 0000000004,28', '1500000', 'Belum Selesai'),
(67, 'T0000004', 33, 6, 'Sari Kemuning 01,99999,Olahraga (Katun) 0000000004,28', '1500000', 'Belum Selesai'),
(68, 'T0000004', 36, 6, 'Sari Kemuning 01,99999,Pramuka (Osfot) 0000000004,28', '1500000', 'Belum Selesai'),
(69, 'T0000004', 30, 7, 'Sari Kemuning 01,99999,Merah Putih (Osfot) 0000000004,28', '28', 'Belum Selesai'),
(70, 'T0000004', 31, 7, 'Sari Kemuning 01,99999,Busana / Batik (Cemara) 0000000004,28', '28', 'Belum Selesai'),
(71, 'T0000004', 33, 7, 'Sari Kemuning 01,99999,Olahraga (Katun) 0000000004,28', '28', 'Belum Selesai'),
(72, 'T0000004', 36, 7, 'Sari Kemuning 01,99999,Pramuka (Osfot) 0000000004,28', '28', 'Belum Selesai'),
(73, 'T0000004', 30, 16, 'Sari Kemuning 01,99999,Merah Putih (Osfot) 0000000004,28', '5', 'Belum Selesai'),
(74, 'T0000004', 31, 16, 'Sari Kemuning 01,99999,Busana / Batik (Cemara) 0000000004,28', '5', 'Belum Selesai'),
(75, 'T0000004', 33, 16, 'Sari Kemuning 01,99999,Olahraga (Katun) 0000000004,28', '5', 'Belum Selesai'),
(76, 'T0000004', 36, 16, 'Sari Kemuning 01,99999,Pramuka (Osfot) 0000000004,28', '5', 'Belum Selesai'),
(77, 'T0000004', 30, 17, 'Sari Kemuning 01,99999,Merah Putih (Osfot) 0000000004,28', '3', 'Belum Selesai'),
(78, 'T0000004', 31, 17, 'Sari Kemuning 01,99999,Busana / Batik (Cemara) 0000000004,28', '9', 'Belum Selesai'),
(79, 'T0000004', 33, 17, 'Sari Kemuning 01,99999,Olahraga (Katun) 0000000004,28', '9', 'Belum Selesai'),
(80, 'T0000004', 36, 17, 'Sari Kemuning 01,99999,Pramuka (Osfot) 0000000004,28', '5', 'Belum Selesai'),
(81, 'T0000005', 30, 5, 'Sari Kemuning 02,99999,Merah Putih (Osfot) 0000000005,28', '3', 'Belum Selesai'),
(82, 'T0000005', 31, 5, 'Sari Kemuning 02,99999,Busana / Batik (Cemara) 0000000005,28', '7', 'Belum Selesai'),
(83, 'T0000005', 32, 5, 'Sari Kemuning 02,99999,Olahraga (TC) 0000000005,28', '7', 'Belum Selesai'),
(84, 'T0000005', 36, 5, 'Sari Kemuning 02,99999,Pramuka (Osfot) 0000000005,28', '3', 'Belum Selesai'),
(85, 'T0000005', 30, 6, 'Sari Kemuning 02,99999,Merah Putih (Osfot) 0000000005,28', '500000', 'Belum Selesai'),
(86, 'T0000005', 31, 6, 'Sari Kemuning 02,99999,Busana / Batik (Cemara) 0000000005,28', '500000', 'Belum Selesai'),
(87, 'T0000005', 32, 6, 'Sari Kemuning 02,99999,Olahraga (TC) 0000000005,28', '500000', 'Belum Selesai'),
(88, 'T0000005', 36, 6, 'Sari Kemuning 02,99999,Pramuka (Osfot) 0000000005,28', '500000', 'Belum Selesai'),
(89, 'T0000005', 30, 7, 'Sari Kemuning 02,99999,Merah Putih (Osfot) 0000000005,28', '28', 'Belum Selesai'),
(90, 'T0000005', 31, 7, 'Sari Kemuning 02,99999,Busana / Batik (Cemara) 0000000005,28', '28', 'Belum Selesai'),
(91, 'T0000005', 32, 7, 'Sari Kemuning 02,99999,Olahraga (TC) 0000000005,28', '28', 'Belum Selesai'),
(92, 'T0000005', 36, 7, 'Sari Kemuning 02,99999,Pramuka (Osfot) 0000000005,28', '28', 'Belum Selesai'),
(93, 'T0000005', 30, 16, 'Sari Kemuning 02,99999,Merah Putih (Osfot) 0000000005,28', '1', 'Belum Selesai'),
(94, 'T0000005', 31, 16, 'Sari Kemuning 02,99999,Busana / Batik (Cemara) 0000000005,28', '1', 'Belum Selesai'),
(95, 'T0000005', 32, 16, 'Sari Kemuning 02,99999,Olahraga (TC) 0000000005,28', '1', 'Belum Selesai'),
(96, 'T0000005', 36, 16, 'Sari Kemuning 02,99999,Pramuka (Osfot) 0000000005,28', '1', 'Belum Selesai'),
(97, 'T0000005', 30, 17, 'Sari Kemuning 02,99999,Merah Putih (Osfot) 0000000005,28', '5', 'Belum Selesai'),
(98, 'T0000005', 31, 17, 'Sari Kemuning 02,99999,Busana / Batik (Cemara) 0000000005,28', '1', 'Belum Selesai'),
(99, 'T0000005', 32, 17, 'Sari Kemuning 02,99999,Olahraga (TC) 0000000005,28', '9', 'Belum Selesai'),
(100, 'T0000005', 36, 17, 'Sari Kemuning 02,99999,Pramuka (Osfot) 0000000005,28', '1', 'Belum Selesai'),
(101, 'T0000006', 29, 5, 'MI Pagowan,99999,Merah Putih (Famatex) 0000000006,84', '5', 'Belum Selesai'),
(102, 'T0000006', 31, 5, 'MI Pagowan,99999,Busana / Batik (Cemara) 0000000006,84', '1', 'Belum Selesai'),
(103, 'T0000006', 33, 5, 'MI Pagowan,99999,Olahraga (Katun) 0000000006,84', '1', 'Belum Selesai'),
(104, 'T0000006', 35, 5, 'MI Pagowan,99999,Pramuka (Famatex) 0000000006,84', '5', 'Belum Selesai'),
(105, 'T0000006', 29, 6, 'MI Pagowan,99999,Merah Putih (Famatex) 0000000006,84', '2000000', 'Belum Selesai'),
(106, 'T0000006', 31, 6, 'MI Pagowan,99999,Busana / Batik (Cemara) 0000000006,84', '2000000', 'Belum Selesai'),
(107, 'T0000006', 33, 6, 'MI Pagowan,99999,Olahraga (Katun) 0000000006,84', '2000000', 'Belum Selesai'),
(108, 'T0000006', 35, 6, 'MI Pagowan,99999,Pramuka (Famatex) 0000000006,84', '2000000', 'Belum Selesai'),
(109, 'T0000006', 29, 7, 'MI Pagowan,99999,Merah Putih (Famatex) 0000000006,84', '84', 'Belum Selesai'),
(110, 'T0000006', 31, 7, 'MI Pagowan,99999,Busana / Batik (Cemara) 0000000006,84', '84', 'Belum Selesai'),
(111, 'T0000006', 33, 7, 'MI Pagowan,99999,Olahraga (Katun) 0000000006,84', '84', 'Belum Selesai'),
(112, 'T0000006', 35, 7, 'MI Pagowan,99999,Pramuka (Famatex) 0000000006,84', '84', 'Belum Selesai'),
(113, 'T0000006', 29, 16, 'MI Pagowan,99999,Merah Putih (Famatex) 0000000006,84', '7', 'Belum Selesai'),
(114, 'T0000006', 31, 16, 'MI Pagowan,99999,Busana / Batik (Cemara) 0000000006,84', '7', 'Belum Selesai'),
(115, 'T0000006', 33, 16, 'MI Pagowan,99999,Olahraga (Katun) 0000000006,84', '7', 'Belum Selesai'),
(116, 'T0000006', 35, 16, 'MI Pagowan,99999,Pramuka (Famatex) 0000000006,84', '7', 'Belum Selesai'),
(117, 'T0000006', 29, 17, 'MI Pagowan,99999,Merah Putih (Famatex) 0000000006,84', '9', 'Belum Selesai'),
(118, 'T0000006', 31, 17, 'MI Pagowan,99999,Busana / Batik (Cemara) 0000000006,84', '7', 'Belum Selesai'),
(119, 'T0000006', 33, 17, 'MI Pagowan,99999,Olahraga (Katun) 0000000006,84', '9', 'Belum Selesai'),
(120, 'T0000006', 35, 17, 'MI Pagowan,99999,Pramuka (Famatex) 0000000006,84', '3', 'Belum Selesai'),
(121, 'T0000007', 29, 5, 'Karangasem 01,99999,Merah Putih (Famatex) 0000000007,56', '5', 'Belum Selesai'),
(122, 'T0000007', 31, 5, 'Karangasem 01,99999,Busana / Batik (Cemara) 0000000007,56', '3', 'Belum Selesai'),
(123, 'T0000007', 32, 5, 'Karangasem 01,99999,Olahraga (TC) 0000000007,56', '1', 'Belum Selesai'),
(124, 'T0000007', 35, 5, 'Karangasem 01,99999,Pramuka (Famatex) 0000000007,56', '3', 'Belum Selesai'),
(125, 'T0000007', 29, 6, 'Karangasem 01,99999,Merah Putih (Famatex) 0000000007,56', '1500000', 'Belum Selesai'),
(126, 'T0000007', 31, 6, 'Karangasem 01,99999,Busana / Batik (Cemara) 0000000007,56', '1500000', 'Belum Selesai'),
(127, 'T0000007', 32, 6, 'Karangasem 01,99999,Olahraga (TC) 0000000007,56', '1500000', 'Belum Selesai'),
(128, 'T0000007', 35, 6, 'Karangasem 01,99999,Pramuka (Famatex) 0000000007,56', '1500000', 'Belum Selesai'),
(129, 'T0000007', 29, 7, 'Karangasem 01,99999,Merah Putih (Famatex) 0000000007,56', '56', 'Belum Selesai'),
(130, 'T0000007', 31, 7, 'Karangasem 01,99999,Busana / Batik (Cemara) 0000000007,56', '56', 'Belum Selesai'),
(131, 'T0000007', 32, 7, 'Karangasem 01,99999,Olahraga (TC) 0000000007,56', '56', 'Belum Selesai'),
(132, 'T0000007', 35, 7, 'Karangasem 01,99999,Pramuka (Famatex) 0000000007,56', '56', 'Belum Selesai'),
(133, 'T0000007', 29, 16, 'Karangasem 01,99999,Merah Putih (Famatex) 0000000007,56', '1', 'Belum Selesai'),
(134, 'T0000007', 31, 16, 'Karangasem 01,99999,Busana / Batik (Cemara) 0000000007,56', '1', 'Belum Selesai'),
(135, 'T0000007', 32, 16, 'Karangasem 01,99999,Olahraga (TC) 0000000007,56', '1', 'Belum Selesai'),
(136, 'T0000007', 35, 16, 'Karangasem 01,99999,Pramuka (Famatex) 0000000007,56', '1', 'Belum Selesai'),
(137, 'T0000007', 29, 17, 'Karangasem 01,99999,Merah Putih (Famatex) 0000000007,56', '7', 'Belum Selesai'),
(138, 'T0000007', 31, 17, 'Karangasem 01,99999,Busana / Batik (Cemara) 0000000007,56', '9', 'Belum Selesai'),
(139, 'T0000007', 32, 17, 'Karangasem 01,99999,Olahraga (TC) 0000000007,56', '5', 'Belum Selesai'),
(140, 'T0000007', 35, 17, 'Karangasem 01,99999,Pramuka (Famatex) 0000000007,56', '7', 'Belum Selesai'),
(141, 'T0000008', 29, 5, 'Karangasem 02,99999,Merah Putih (Famatex) 0000000008,28', '1', 'Belum Selesai'),
(142, 'T0000008', 31, 5, 'Karangasem 02,99999,Busana / Batik (Cemara) 0000000008,28', '7', 'Belum Selesai'),
(143, 'T0000008', 32, 5, 'Karangasem 02,99999,Olahraga (TC) 0000000008,28', '1', 'Belum Selesai'),
(144, 'T0000008', 35, 5, 'Karangasem 02,99999,Pramuka (Famatex) 0000000008,28', '1', 'Belum Selesai'),
(145, 'T0000008', 29, 6, 'Karangasem 02,99999,Merah Putih (Famatex) 0000000008,28', '1200000', 'Belum Selesai'),
(146, 'T0000008', 31, 6, 'Karangasem 02,99999,Busana / Batik (Cemara) 0000000008,28', '1200000', 'Belum Selesai'),
(147, 'T0000008', 32, 6, 'Karangasem 02,99999,Olahraga (TC) 0000000008,28', '1200000', 'Belum Selesai'),
(148, 'T0000008', 35, 6, 'Karangasem 02,99999,Pramuka (Famatex) 0000000008,28', '1200000', 'Belum Selesai'),
(149, 'T0000008', 29, 7, 'Karangasem 02,99999,Merah Putih (Famatex) 0000000008,28', '28', 'Belum Selesai'),
(150, 'T0000008', 31, 7, 'Karangasem 02,99999,Busana / Batik (Cemara) 0000000008,28', '28', 'Belum Selesai'),
(151, 'T0000008', 32, 7, 'Karangasem 02,99999,Olahraga (TC) 0000000008,28', '28', 'Belum Selesai'),
(152, 'T0000008', 35, 7, 'Karangasem 02,99999,Pramuka (Famatex) 0000000008,28', '28', 'Belum Selesai'),
(153, 'T0000008', 29, 16, 'Karangasem 02,99999,Merah Putih (Famatex) 0000000008,28', '3', 'Belum Selesai'),
(154, 'T0000008', 31, 16, 'Karangasem 02,99999,Busana / Batik (Cemara) 0000000008,28', '3', 'Belum Selesai'),
(155, 'T0000008', 32, 16, 'Karangasem 02,99999,Olahraga (TC) 0000000008,28', '3', 'Belum Selesai'),
(156, 'T0000008', 35, 16, 'Karangasem 02,99999,Pramuka (Famatex) 0000000008,28', '3', 'Belum Selesai'),
(157, 'T0000008', 29, 17, 'Karangasem 02,99999,Merah Putih (Famatex) 0000000008,28', '5', 'Belum Selesai'),
(158, 'T0000008', 31, 17, 'Karangasem 02,99999,Busana / Batik (Cemara) 0000000008,28', '5', 'Belum Selesai'),
(159, 'T0000008', 32, 17, 'Karangasem 02,99999,Olahraga (TC) 0000000008,28', '1', 'Belum Selesai'),
(160, 'T0000008', 35, 17, 'Karangasem 02,99999,Pramuka (Famatex) 0000000008,28', '7', 'Belum Selesai'),
(161, 'T0000009', 29, 5, 'Karangasem 03,99999,Merah Putih (Famatex) 0000000009,28', '5', 'Belum Selesai'),
(162, 'T0000009', 31, 5, 'Karangasem 03,99999,Busana / Batik (Cemara) 0000000009,28', '9', 'Belum Selesai'),
(163, 'T0000009', 32, 5, 'Karangasem 03,99999,Olahraga (TC) 0000000009,28', '1', 'Belum Selesai'),
(164, 'T0000009', 35, 5, 'Karangasem 03,99999,Pramuka (Famatex) 0000000009,28', '1', 'Belum Selesai'),
(165, 'T0000009', 29, 6, 'Karangasem 03,99999,Merah Putih (Famatex) 0000000009,28', '500000', 'Belum Selesai'),
(166, 'T0000009', 31, 6, 'Karangasem 03,99999,Busana / Batik (Cemara) 0000000009,28', '500000', 'Belum Selesai'),
(167, 'T0000009', 32, 6, 'Karangasem 03,99999,Olahraga (TC) 0000000009,28', '500000', 'Belum Selesai'),
(168, 'T0000009', 35, 6, 'Karangasem 03,99999,Pramuka (Famatex) 0000000009,28', '500000', 'Belum Selesai'),
(169, 'T0000009', 29, 7, 'Karangasem 03,99999,Merah Putih (Famatex) 0000000009,28', '28', 'Belum Selesai'),
(170, 'T0000009', 31, 7, 'Karangasem 03,99999,Busana / Batik (Cemara) 0000000009,28', '28', 'Belum Selesai'),
(171, 'T0000009', 32, 7, 'Karangasem 03,99999,Olahraga (TC) 0000000009,28', '28', 'Belum Selesai'),
(172, 'T0000009', 35, 7, 'Karangasem 03,99999,Pramuka (Famatex) 0000000009,28', '28', 'Belum Selesai'),
(173, 'T0000009', 29, 16, 'Karangasem 03,99999,Merah Putih (Famatex) 0000000009,28', '1', 'Belum Selesai'),
(174, 'T0000009', 31, 16, 'Karangasem 03,99999,Busana / Batik (Cemara) 0000000009,28', '1', 'Belum Selesai'),
(175, 'T0000009', 32, 16, 'Karangasem 03,99999,Olahraga (TC) 0000000009,28', '1', 'Belum Selesai'),
(176, 'T0000009', 35, 16, 'Karangasem 03,99999,Pramuka (Famatex) 0000000009,28', '1', 'Belum Selesai'),
(177, 'T0000009', 29, 17, 'Karangasem 03,99999,Merah Putih (Famatex) 0000000009,28', '1', 'Belum Selesai'),
(178, 'T0000009', 31, 17, 'Karangasem 03,99999,Busana / Batik (Cemara) 0000000009,28', '9', 'Belum Selesai'),
(179, 'T0000009', 32, 17, 'Karangasem 03,99999,Olahraga (TC) 0000000009,28', '3', 'Belum Selesai'),
(180, 'T0000009', 35, 17, 'Karangasem 03,99999,Pramuka (Famatex) 0000000009,28', '5', 'Belum Selesai'),
(181, 'T0000010', 29, 5, 'Jambekumbu 01,99999,Merah Putih (Famatex) 0000000010,56', '3', 'Belum Selesai'),
(182, 'T0000010', 31, 5, 'Jambekumbu 01,99999,Busana / Batik (Cemara) 0000000010,56', '7', 'Belum Selesai'),
(183, 'T0000010', 32, 5, 'Jambekumbu 01,99999,Olahraga (TC) 0000000010,56', '5', 'Belum Selesai'),
(184, 'T0000010', 35, 5, 'Jambekumbu 01,99999,Pramuka (Famatex) 0000000010,56', '7', 'Belum Selesai'),
(185, 'T0000010', 29, 6, 'Jambekumbu 01,99999,Merah Putih (Famatex) 0000000010,56', '2500000', 'Belum Selesai'),
(186, 'T0000010', 31, 6, 'Jambekumbu 01,99999,Busana / Batik (Cemara) 0000000010,56', '2500000', 'Belum Selesai'),
(187, 'T0000010', 32, 6, 'Jambekumbu 01,99999,Olahraga (TC) 0000000010,56', '2500000', 'Belum Selesai'),
(188, 'T0000010', 35, 6, 'Jambekumbu 01,99999,Pramuka (Famatex) 0000000010,56', '2500000', 'Belum Selesai'),
(189, 'T0000010', 29, 7, 'Jambekumbu 01,99999,Merah Putih (Famatex) 0000000010,56', '56', 'Belum Selesai'),
(190, 'T0000010', 31, 7, 'Jambekumbu 01,99999,Busana / Batik (Cemara) 0000000010,56', '56', 'Belum Selesai'),
(191, 'T0000010', 32, 7, 'Jambekumbu 01,99999,Olahraga (TC) 0000000010,56', '56', 'Belum Selesai'),
(192, 'T0000010', 35, 7, 'Jambekumbu 01,99999,Pramuka (Famatex) 0000000010,56', '56', 'Belum Selesai'),
(193, 'T0000010', 29, 16, 'Jambekumbu 01,99999,Merah Putih (Famatex) 0000000010,56', '3', 'Belum Selesai'),
(194, 'T0000010', 31, 16, 'Jambekumbu 01,99999,Busana / Batik (Cemara) 0000000010,56', '3', 'Belum Selesai'),
(195, 'T0000010', 32, 16, 'Jambekumbu 01,99999,Olahraga (TC) 0000000010,56', '3', 'Belum Selesai'),
(196, 'T0000010', 35, 16, 'Jambekumbu 01,99999,Pramuka (Famatex) 0000000010,56', '3', 'Belum Selesai'),
(197, 'T0000010', 29, 17, 'Jambekumbu 01,99999,Merah Putih (Famatex) 0000000010,56', '1', 'Belum Selesai'),
(198, 'T0000010', 31, 17, 'Jambekumbu 01,99999,Busana / Batik (Cemara) 0000000010,56', '3', 'Belum Selesai'),
(199, 'T0000010', 32, 17, 'Jambekumbu 01,99999,Olahraga (TC) 0000000010,56', '1', 'Belum Selesai'),
(200, 'T0000010', 35, 17, 'Jambekumbu 01,99999,Pramuka (Famatex) 0000000010,56', '1', 'Belum Selesai'),
(201, 'T0000011', 28, 5, 'Jambekumbu 02,99999,Merah Putih (Dril) 0000000011,28', '9', 'Belum Selesai'),
(202, 'T0000011', 31, 5, 'Jambekumbu 02,99999,Busana / Batik (Cemara) 0000000011,28', '1', 'Belum Selesai'),
(203, 'T0000011', 32, 5, 'Jambekumbu 02,99999,Olahraga (TC) 0000000011,28', '3', 'Belum Selesai'),
(204, 'T0000011', 34, 5, 'Jambekumbu 02,99999,Pramuka (Dril) 0000000011,28', '7', 'Belum Selesai'),
(205, 'T0000011', 28, 6, 'Jambekumbu 02,99999,Merah Putih (Dril) 0000000011,28', '1500000', 'Belum Selesai'),
(206, 'T0000011', 31, 6, 'Jambekumbu 02,99999,Busana / Batik (Cemara) 0000000011,28', '1500000', 'Belum Selesai'),
(207, 'T0000011', 32, 6, 'Jambekumbu 02,99999,Olahraga (TC) 0000000011,28', '1500000', 'Belum Selesai'),
(208, 'T0000011', 34, 6, 'Jambekumbu 02,99999,Pramuka (Dril) 0000000011,28', '1500000', 'Belum Selesai'),
(209, 'T0000011', 28, 7, 'Jambekumbu 02,99999,Merah Putih (Dril) 0000000011,28', '28', 'Belum Selesai'),
(210, 'T0000011', 31, 7, 'Jambekumbu 02,99999,Busana / Batik (Cemara) 0000000011,28', '28', 'Belum Selesai'),
(211, 'T0000011', 32, 7, 'Jambekumbu 02,99999,Olahraga (TC) 0000000011,28', '28', 'Belum Selesai'),
(212, 'T0000011', 34, 7, 'Jambekumbu 02,99999,Pramuka (Dril) 0000000011,28', '28', 'Belum Selesai'),
(213, 'T0000011', 28, 16, 'Jambekumbu 02,99999,Merah Putih (Dril) 0000000011,28', '5', 'Belum Selesai'),
(214, 'T0000011', 31, 16, 'Jambekumbu 02,99999,Busana / Batik (Cemara) 0000000011,28', '5', 'Belum Selesai'),
(215, 'T0000011', 32, 16, 'Jambekumbu 02,99999,Olahraga (TC) 0000000011,28', '5', 'Belum Selesai'),
(216, 'T0000011', 34, 16, 'Jambekumbu 02,99999,Pramuka (Dril) 0000000011,28', '5', 'Belum Selesai'),
(217, 'T0000011', 28, 17, 'Jambekumbu 02,99999,Merah Putih (Dril) 0000000011,28', '1', 'Belum Selesai'),
(218, 'T0000011', 31, 17, 'Jambekumbu 02,99999,Busana / Batik (Cemara) 0000000011,28', '3', 'Belum Selesai'),
(219, 'T0000011', 32, 17, 'Jambekumbu 02,99999,Olahraga (TC) 0000000011,28', '7', 'Belum Selesai'),
(220, 'T0000011', 34, 17, 'Jambekumbu 02,99999,Pramuka (Dril) 0000000011,28', '1', 'Belum Selesai'),
(221, 'T0000012', 28, 5, 'Jambekumbu 03,99999,Merah Putih (Dril) 0000000012,28', '5', 'Belum Selesai'),
(222, 'T0000012', 31, 5, 'Jambekumbu 03,99999,Busana / Batik (Cemara) 0000000012,28', '3', 'Belum Selesai'),
(223, 'T0000012', 33, 5, 'Jambekumbu 03,99999,Olahraga (Katun) 0000000012,28', '1', 'Belum Selesai'),
(224, 'T0000012', 34, 5, 'Jambekumbu 03,99999,Pramuka (Dril) 0000000012,28', '7', 'Belum Selesai'),
(225, 'T0000012', 28, 6, 'Jambekumbu 03,99999,Merah Putih (Dril) 0000000012,28', '500000', 'Belum Selesai'),
(226, 'T0000012', 31, 6, 'Jambekumbu 03,99999,Busana / Batik (Cemara) 0000000012,28', '500000', 'Belum Selesai'),
(227, 'T0000012', 33, 6, 'Jambekumbu 03,99999,Olahraga (Katun) 0000000012,28', '500000', 'Belum Selesai'),
(228, 'T0000012', 34, 6, 'Jambekumbu 03,99999,Pramuka (Dril) 0000000012,28', '500000', 'Belum Selesai'),
(229, 'T0000012', 28, 7, 'Jambekumbu 03,99999,Merah Putih (Dril) 0000000012,28', '28', 'Belum Selesai'),
(230, 'T0000012', 31, 7, 'Jambekumbu 03,99999,Busana / Batik (Cemara) 0000000012,28', '28', 'Belum Selesai'),
(231, 'T0000012', 33, 7, 'Jambekumbu 03,99999,Olahraga (Katun) 0000000012,28', '28', 'Belum Selesai'),
(232, 'T0000012', 34, 7, 'Jambekumbu 03,99999,Pramuka (Dril) 0000000012,28', '28', 'Belum Selesai'),
(233, 'T0000012', 28, 16, 'Jambekumbu 03,99999,Merah Putih (Dril) 0000000012,28', '9', 'Belum Selesai'),
(234, 'T0000012', 31, 16, 'Jambekumbu 03,99999,Busana / Batik (Cemara) 0000000012,28', '9', 'Belum Selesai'),
(235, 'T0000012', 33, 16, 'Jambekumbu 03,99999,Olahraga (Katun) 0000000012,28', '9', 'Belum Selesai'),
(236, 'T0000012', 34, 16, 'Jambekumbu 03,99999,Pramuka (Dril) 0000000012,28', '9', 'Belum Selesai'),
(237, 'T0000012', 28, 17, 'Jambekumbu 03,99999,Merah Putih (Dril) 0000000012,28', '5', 'Belum Selesai'),
(238, 'T0000012', 31, 17, 'Jambekumbu 03,99999,Busana / Batik (Cemara) 0000000012,28', '3', 'Belum Selesai'),
(239, 'T0000012', 33, 17, 'Jambekumbu 03,99999,Olahraga (Katun) 0000000012,28', '7', 'Belum Selesai'),
(240, 'T0000012', 34, 17, 'Jambekumbu 03,99999,Pramuka (Dril) 0000000012,28', '5', 'Belum Selesai'),
(241, 'T0000013', 28, 5, 'Senduro 01,99999,Merah Putih (Dril) 0000000013,56', '9', 'Belum Selesai'),
(242, 'T0000013', 31, 5, 'Senduro 01,99999,Busana / Batik (Cemara) 0000000013,56', '9', 'Belum Selesai'),
(243, 'T0000013', 33, 5, 'Senduro 01,99999,Olahraga (Katun) 0000000013,56', '5', 'Belum Selesai'),
(244, 'T0000013', 34, 5, 'Senduro 01,99999,Pramuka (Dril) 0000000013,56', '7', 'Belum Selesai'),
(245, 'T0000013', 28, 6, 'Senduro 01,99999,Merah Putih (Dril) 0000000013,56', '2000000', 'Belum Selesai'),
(246, 'T0000013', 31, 6, 'Senduro 01,99999,Busana / Batik (Cemara) 0000000013,56', '2000000', 'Belum Selesai'),
(247, 'T0000013', 33, 6, 'Senduro 01,99999,Olahraga (Katun) 0000000013,56', '2000000', 'Belum Selesai'),
(248, 'T0000013', 34, 6, 'Senduro 01,99999,Pramuka (Dril) 0000000013,56', '2000000', 'Belum Selesai'),
(249, 'T0000013', 28, 7, 'Senduro 01,99999,Merah Putih (Dril) 0000000013,56', '56', 'Belum Selesai'),
(250, 'T0000013', 31, 7, 'Senduro 01,99999,Busana / Batik (Cemara) 0000000013,56', '56', 'Belum Selesai'),
(251, 'T0000013', 33, 7, 'Senduro 01,99999,Olahraga (Katun) 0000000013,56', '56', 'Belum Selesai'),
(252, 'T0000013', 34, 7, 'Senduro 01,99999,Pramuka (Dril) 0000000013,56', '56', 'Belum Selesai'),
(253, 'T0000013', 28, 16, 'Senduro 01,99999,Merah Putih (Dril) 0000000013,56', '1', 'Belum Selesai'),
(254, 'T0000013', 31, 16, 'Senduro 01,99999,Busana / Batik (Cemara) 0000000013,56', '1', 'Belum Selesai'),
(255, 'T0000013', 33, 16, 'Senduro 01,99999,Olahraga (Katun) 0000000013,56', '1', 'Belum Selesai'),
(256, 'T0000013', 34, 16, 'Senduro 01,99999,Pramuka (Dril) 0000000013,56', '1', 'Belum Selesai'),
(257, 'T0000013', 28, 17, 'Senduro 01,99999,Merah Putih (Dril) 0000000013,56', '1', 'Belum Selesai'),
(258, 'T0000013', 31, 17, 'Senduro 01,99999,Busana / Batik (Cemara) 0000000013,56', '3', 'Belum Selesai'),
(259, 'T0000013', 33, 17, 'Senduro 01,99999,Olahraga (Katun) 0000000013,56', '3', 'Belum Selesai'),
(260, 'T0000013', 34, 17, 'Senduro 01,99999,Pramuka (Dril) 0000000013,56', '3', 'Belum Selesai'),
(261, 'T0000014', 30, 5, 'Senduro 02,99999,Merah Putih (Osfot) 0000000014,28', '5', 'Belum Selesai'),
(262, 'T0000014', 31, 5, 'Senduro 02,99999,Busana / Batik (Cemara) 0000000014,28', '9', 'Belum Selesai'),
(263, 'T0000014', 33, 5, 'Senduro 02,99999,Olahraga (Katun) 0000000014,28', '7', 'Belum Selesai'),
(264, 'T0000014', 36, 5, 'Senduro 02,99999,Pramuka (Osfot) 0000000014,28', '3', 'Belum Selesai'),
(265, 'T0000014', 30, 6, 'Senduro 02,99999,Merah Putih (Osfot) 0000000014,28', '1300000', 'Belum Selesai'),
(266, 'T0000014', 31, 6, 'Senduro 02,99999,Busana / Batik (Cemara) 0000000014,28', '1300000', 'Belum Selesai'),
(267, 'T0000014', 33, 6, 'Senduro 02,99999,Olahraga (Katun) 0000000014,28', '1300000', 'Belum Selesai'),
(268, 'T0000014', 36, 6, 'Senduro 02,99999,Pramuka (Osfot) 0000000014,28', '1300000', 'Belum Selesai'),
(269, 'T0000014', 30, 7, 'Senduro 02,99999,Merah Putih (Osfot) 0000000014,28', '28', 'Belum Selesai'),
(270, 'T0000014', 31, 7, 'Senduro 02,99999,Busana / Batik (Cemara) 0000000014,28', '28', 'Belum Selesai'),
(271, 'T0000014', 33, 7, 'Senduro 02,99999,Olahraga (Katun) 0000000014,28', '28', 'Belum Selesai'),
(272, 'T0000014', 36, 7, 'Senduro 02,99999,Pramuka (Osfot) 0000000014,28', '28', 'Belum Selesai'),
(273, 'T0000014', 30, 16, 'Senduro 02,99999,Merah Putih (Osfot) 0000000014,28', '5', 'Belum Selesai'),
(274, 'T0000014', 31, 16, 'Senduro 02,99999,Busana / Batik (Cemara) 0000000014,28', '5', 'Belum Selesai'),
(275, 'T0000014', 33, 16, 'Senduro 02,99999,Olahraga (Katun) 0000000014,28', '5', 'Belum Selesai'),
(276, 'T0000014', 36, 16, 'Senduro 02,99999,Pramuka (Osfot) 0000000014,28', '5', 'Belum Selesai'),
(277, 'T0000014', 30, 17, 'Senduro 02,99999,Merah Putih (Osfot) 0000000014,28', '9', 'Belum Selesai'),
(278, 'T0000014', 31, 17, 'Senduro 02,99999,Busana / Batik (Cemara) 0000000014,28', '5', 'Belum Selesai'),
(279, 'T0000014', 33, 17, 'Senduro 02,99999,Olahraga (Katun) 0000000014,28', '1', 'Belum Selesai'),
(280, 'T0000014', 36, 17, 'Senduro 02,99999,Pramuka (Osfot) 0000000014,28', '1', 'Belum Selesai'),
(281, 'T0000015', 29, 5, 'Senduro 03,99999,Merah Putih (Famatex) 0000000015,28', '1', 'Belum Selesai'),
(282, 'T0000015', 31, 5, 'Senduro 03,99999,Busana / Batik (Cemara) 0000000015,28', '5', 'Belum Selesai'),
(283, 'T0000015', 33, 5, 'Senduro 03,99999,Olahraga (Katun) 0000000015,28', '7', 'Belum Selesai'),
(284, 'T0000015', 35, 5, 'Senduro 03,99999,Pramuka (Famatex) 0000000015,28', '9', 'Belum Selesai'),
(285, 'T0000015', 29, 6, 'Senduro 03,99999,Merah Putih (Famatex) 0000000015,28', '1200000', 'Belum Selesai'),
(286, 'T0000015', 31, 6, 'Senduro 03,99999,Busana / Batik (Cemara) 0000000015,28', '1200000', 'Belum Selesai'),
(287, 'T0000015', 33, 6, 'Senduro 03,99999,Olahraga (Katun) 0000000015,28', '1200000', 'Belum Selesai'),
(288, 'T0000015', 35, 6, 'Senduro 03,99999,Pramuka (Famatex) 0000000015,28', '1200000', 'Belum Selesai'),
(289, 'T0000015', 29, 7, 'Senduro 03,99999,Merah Putih (Famatex) 0000000015,28', '28', 'Belum Selesai'),
(290, 'T0000015', 31, 7, 'Senduro 03,99999,Busana / Batik (Cemara) 0000000015,28', '28', 'Belum Selesai'),
(291, 'T0000015', 33, 7, 'Senduro 03,99999,Olahraga (Katun) 0000000015,28', '28', 'Belum Selesai'),
(292, 'T0000015', 35, 7, 'Senduro 03,99999,Pramuka (Famatex) 0000000015,28', '28', 'Belum Selesai'),
(293, 'T0000015', 29, 16, 'Senduro 03,99999,Merah Putih (Famatex) 0000000015,28', '7', 'Belum Selesai'),
(294, 'T0000015', 31, 16, 'Senduro 03,99999,Busana / Batik (Cemara) 0000000015,28', '7', 'Belum Selesai'),
(295, 'T0000015', 33, 16, 'Senduro 03,99999,Olahraga (Katun) 0000000015,28', '7', 'Belum Selesai'),
(296, 'T0000015', 35, 16, 'Senduro 03,99999,Pramuka (Famatex) 0000000015,28', '7', 'Belum Selesai'),
(297, 'T0000015', 29, 17, 'Senduro 03,99999,Merah Putih (Famatex) 0000000015,28', '3', 'Belum Selesai'),
(298, 'T0000015', 31, 17, 'Senduro 03,99999,Busana / Batik (Cemara) 0000000015,28', '3', 'Belum Selesai'),
(299, 'T0000015', 33, 17, 'Senduro 03,99999,Olahraga (Katun) 0000000015,28', '1', 'Belum Selesai'),
(300, 'T0000015', 35, 17, 'Senduro 03,99999,Pramuka (Famatex) 0000000015,28', '9', 'Belum Selesai'),
(301, 'T0000016', 30, 5, 'Tepus 01,99999,Merah Putih (Osfot) 0000000016,56', '5', 'Belum Selesai'),
(302, 'T0000016', 31, 5, 'Tepus 01,99999,Busana / Batik (Cemara) 0000000016,56', '5', 'Belum Selesai'),
(303, 'T0000016', 33, 5, 'Tepus 01,99999,Olahraga (Katun) 0000000016,56', '1', 'Belum Selesai'),
(304, 'T0000016', 36, 5, 'Tepus 01,99999,Pramuka (Osfot) 0000000016,56', '7', 'Belum Selesai'),
(305, 'T0000016', 30, 6, 'Tepus 01,99999,Merah Putih (Osfot) 0000000016,56', '1600000', 'Belum Selesai'),
(306, 'T0000016', 31, 6, 'Tepus 01,99999,Busana / Batik (Cemara) 0000000016,56', '1600000', 'Belum Selesai'),
(307, 'T0000016', 33, 6, 'Tepus 01,99999,Olahraga (Katun) 0000000016,56', '1600000', 'Belum Selesai'),
(308, 'T0000016', 36, 6, 'Tepus 01,99999,Pramuka (Osfot) 0000000016,56', '1600000', 'Belum Selesai'),
(309, 'T0000016', 30, 7, 'Tepus 01,99999,Merah Putih (Osfot) 0000000016,56', '56', 'Belum Selesai'),
(310, 'T0000016', 31, 7, 'Tepus 01,99999,Busana / Batik (Cemara) 0000000016,56', '56', 'Belum Selesai'),
(311, 'T0000016', 33, 7, 'Tepus 01,99999,Olahraga (Katun) 0000000016,56', '56', 'Belum Selesai'),
(312, 'T0000016', 36, 7, 'Tepus 01,99999,Pramuka (Osfot) 0000000016,56', '56', 'Belum Selesai'),
(313, 'T0000016', 30, 16, 'Tepus 01,99999,Merah Putih (Osfot) 0000000016,56', '9', 'Belum Selesai'),
(314, 'T0000016', 31, 16, 'Tepus 01,99999,Busana / Batik (Cemara) 0000000016,56', '9', 'Belum Selesai'),
(315, 'T0000016', 33, 16, 'Tepus 01,99999,Olahraga (Katun) 0000000016,56', '9', 'Belum Selesai'),
(316, 'T0000016', 36, 16, 'Tepus 01,99999,Pramuka (Osfot) 0000000016,56', '9', 'Belum Selesai'),
(317, 'T0000016', 30, 17, 'Tepus 01,99999,Merah Putih (Osfot) 0000000016,56', '3', 'Belum Selesai'),
(318, 'T0000016', 31, 17, 'Tepus 01,99999,Busana / Batik (Cemara) 0000000016,56', '7', 'Belum Selesai'),
(319, 'T0000016', 33, 17, 'Tepus 01,99999,Olahraga (Katun) 0000000016,56', '7', 'Belum Selesai'),
(320, 'T0000016', 36, 17, 'Tepus 01,99999,Pramuka (Osfot) 0000000016,56', '9', 'Belum Selesai'),
(321, 'T0000017', 29, 5, 'Tepus 02,99999,Merah Putih (Famatex) 0000000017,28', '1', 'Belum Selesai'),
(322, 'T0000017', 31, 5, 'Tepus 02,99999,Busana / Batik (Cemara) 0000000017,28', '1', 'Belum Selesai'),
(323, 'T0000017', 33, 5, 'Tepus 02,99999,Olahraga (Katun) 0000000017,28', '5', 'Belum Selesai'),
(324, 'T0000017', 35, 5, 'Tepus 02,99999,Pramuka (Famatex) 0000000017,28', '7', 'Belum Selesai'),
(325, 'T0000017', 29, 6, 'Tepus 02,99999,Merah Putih (Famatex) 0000000017,28', '750000', 'Belum Selesai'),
(326, 'T0000017', 31, 6, 'Tepus 02,99999,Busana / Batik (Cemara) 0000000017,28', '750000', 'Belum Selesai'),
(327, 'T0000017', 33, 6, 'Tepus 02,99999,Olahraga (Katun) 0000000017,28', '750000', 'Belum Selesai'),
(328, 'T0000017', 35, 6, 'Tepus 02,99999,Pramuka (Famatex) 0000000017,28', '750000', 'Belum Selesai'),
(329, 'T0000017', 29, 7, 'Tepus 02,99999,Merah Putih (Famatex) 0000000017,28', '28', 'Belum Selesai'),
(330, 'T0000017', 31, 7, 'Tepus 02,99999,Busana / Batik (Cemara) 0000000017,28', '28', 'Belum Selesai'),
(331, 'T0000017', 33, 7, 'Tepus 02,99999,Olahraga (Katun) 0000000017,28', '28', 'Belum Selesai'),
(332, 'T0000017', 35, 7, 'Tepus 02,99999,Pramuka (Famatex) 0000000017,28', '28', 'Belum Selesai'),
(333, 'T0000017', 29, 16, 'Tepus 02,99999,Merah Putih (Famatex) 0000000017,28', '7', 'Belum Selesai'),
(334, 'T0000017', 31, 16, 'Tepus 02,99999,Busana / Batik (Cemara) 0000000017,28', '7', 'Belum Selesai'),
(335, 'T0000017', 33, 16, 'Tepus 02,99999,Olahraga (Katun) 0000000017,28', '7', 'Belum Selesai'),
(336, 'T0000017', 35, 16, 'Tepus 02,99999,Pramuka (Famatex) 0000000017,28', '7', 'Belum Selesai'),
(337, 'T0000017', 29, 17, 'Tepus 02,99999,Merah Putih (Famatex) 0000000017,28', '7', 'Belum Selesai'),
(338, 'T0000017', 31, 17, 'Tepus 02,99999,Busana / Batik (Cemara) 0000000017,28', '1', 'Belum Selesai'),
(339, 'T0000017', 33, 17, 'Tepus 02,99999,Olahraga (Katun) 0000000017,28', '7', 'Belum Selesai'),
(340, 'T0000017', 35, 17, 'Tepus 02,99999,Pramuka (Famatex) 0000000017,28', '9', 'Belum Selesai'),
(341, 'T0000018', 30, 5, 'Tepus 03,99999,Merah Putih (Osfot) 0000000018,28', '1', 'Belum Selesai'),
(342, 'T0000018', 31, 5, 'Tepus 03,99999,Busana / Batik (Cemara) 0000000018,28', '7', 'Belum Selesai'),
(343, 'T0000018', 32, 5, 'Tepus 03,99999,Olahraga (TC) 0000000018,28', '5', 'Belum Selesai'),
(344, 'T0000018', 36, 5, 'Tepus 03,99999,Pramuka (Osfot) 0000000018,28', '7', 'Belum Selesai'),
(345, 'T0000018', 30, 6, 'Tepus 03,99999,Merah Putih (Osfot) 0000000018,28', '750000', 'Belum Selesai'),
(346, 'T0000018', 31, 6, 'Tepus 03,99999,Busana / Batik (Cemara) 0000000018,28', '750000', 'Belum Selesai'),
(347, 'T0000018', 32, 6, 'Tepus 03,99999,Olahraga (TC) 0000000018,28', '750000', 'Belum Selesai'),
(348, 'T0000018', 36, 6, 'Tepus 03,99999,Pramuka (Osfot) 0000000018,28', '750000', 'Belum Selesai'),
(349, 'T0000018', 30, 7, 'Tepus 03,99999,Merah Putih (Osfot) 0000000018,28', '28', 'Belum Selesai'),
(350, 'T0000018', 31, 7, 'Tepus 03,99999,Busana / Batik (Cemara) 0000000018,28', '28', 'Belum Selesai'),
(351, 'T0000018', 32, 7, 'Tepus 03,99999,Olahraga (TC) 0000000018,28', '28', 'Belum Selesai'),
(352, 'T0000018', 36, 7, 'Tepus 03,99999,Pramuka (Osfot) 0000000018,28', '28', 'Belum Selesai'),
(353, 'T0000018', 30, 16, 'Tepus 03,99999,Merah Putih (Osfot) 0000000018,28', '9', 'Belum Selesai'),
(354, 'T0000018', 31, 16, 'Tepus 03,99999,Busana / Batik (Cemara) 0000000018,28', '9', 'Belum Selesai'),
(355, 'T0000018', 32, 16, 'Tepus 03,99999,Olahraga (TC) 0000000018,28', '9', 'Belum Selesai'),
(356, 'T0000018', 36, 16, 'Tepus 03,99999,Pramuka (Osfot) 0000000018,28', '9', 'Belum Selesai'),
(357, 'T0000018', 30, 17, 'Tepus 03,99999,Merah Putih (Osfot) 0000000018,28', '7', 'Belum Selesai'),
(358, 'T0000018', 31, 17, 'Tepus 03,99999,Busana / Batik (Cemara) 0000000018,28', '3', 'Belum Selesai'),
(359, 'T0000018', 32, 17, 'Tepus 03,99999,Olahraga (TC) 0000000018,28', '5', 'Belum Selesai'),
(360, 'T0000018', 36, 17, 'Tepus 03,99999,Pramuka (Osfot) 0000000018,28', '7', 'Belum Selesai'),
(361, 'T0000019', 30, 5, 'Kandangan 01,99999,Merah Putih (Osfot) 0000000019,28', '9', 'Belum Selesai'),
(362, 'T0000019', 31, 5, 'Kandangan 01,99999,Busana / Batik (Cemara) 0000000019,28', '3', 'Belum Selesai'),
(363, 'T0000019', 32, 5, 'Kandangan 01,99999,Olahraga (TC) 0000000019,28', '3', 'Belum Selesai'),
(364, 'T0000019', 36, 5, 'Kandangan 01,99999,Pramuka (Osfot) 0000000019,28', '9', 'Belum Selesai'),
(365, 'T0000019', 30, 6, 'Kandangan 01,99999,Merah Putih (Osfot) 0000000019,28', '750000', 'Belum Selesai'),
(366, 'T0000019', 31, 6, 'Kandangan 01,99999,Busana / Batik (Cemara) 0000000019,28', '750000', 'Belum Selesai'),
(367, 'T0000019', 32, 6, 'Kandangan 01,99999,Olahraga (TC) 0000000019,28', '750000', 'Belum Selesai'),
(368, 'T0000019', 36, 6, 'Kandangan 01,99999,Pramuka (Osfot) 0000000019,28', '750000', 'Belum Selesai'),
(369, 'T0000019', 30, 7, 'Kandangan 01,99999,Merah Putih (Osfot) 0000000019,28', '28', 'Belum Selesai'),
(370, 'T0000019', 31, 7, 'Kandangan 01,99999,Busana / Batik (Cemara) 0000000019,28', '28', 'Belum Selesai'),
(371, 'T0000019', 32, 7, 'Kandangan 01,99999,Olahraga (TC) 0000000019,28', '28', 'Belum Selesai'),
(372, 'T0000019', 36, 7, 'Kandangan 01,99999,Pramuka (Osfot) 0000000019,28', '28', 'Belum Selesai'),
(373, 'T0000019', 30, 16, 'Kandangan 01,99999,Merah Putih (Osfot) 0000000019,28', '5', 'Belum Selesai'),
(374, 'T0000019', 31, 16, 'Kandangan 01,99999,Busana / Batik (Cemara) 0000000019,28', '5', 'Belum Selesai'),
(375, 'T0000019', 32, 16, 'Kandangan 01,99999,Olahraga (TC) 0000000019,28', '5', 'Belum Selesai'),
(376, 'T0000019', 36, 16, 'Kandangan 01,99999,Pramuka (Osfot) 0000000019,28', '5', 'Belum Selesai'),
(377, 'T0000019', 30, 17, 'Kandangan 01,99999,Merah Putih (Osfot) 0000000019,28', '9', 'Belum Selesai'),
(378, 'T0000019', 31, 17, 'Kandangan 01,99999,Busana / Batik (Cemara) 0000000019,28', '1', 'Belum Selesai'),
(379, 'T0000019', 32, 17, 'Kandangan 01,99999,Olahraga (TC) 0000000019,28', '9', 'Belum Selesai'),
(380, 'T0000019', 36, 17, 'Kandangan 01,99999,Pramuka (Osfot) 0000000019,28', '1', 'Belum Selesai'),
(381, 'T0000020', 29, 5, 'Kandangan 02,99999,Merah Putih (Famatex) 0000000020,28', '9', 'Belum Selesai'),
(382, 'T0000020', 31, 5, 'Kandangan 02,99999,Busana / Batik (Cemara) 0000000020,28', '3', 'Belum Selesai'),
(383, 'T0000020', 32, 5, 'Kandangan 02,99999,Olahraga (TC) 0000000020,28', '9', 'Belum Selesai'),
(384, 'T0000020', 35, 5, 'Kandangan 02,99999,Pramuka (Famatex) 0000000020,28', '5', 'Belum Selesai'),
(385, 'T0000020', 29, 6, 'Kandangan 02,99999,Merah Putih (Famatex) 0000000020,28', '1100000', 'Belum Selesai'),
(386, 'T0000020', 31, 6, 'Kandangan 02,99999,Busana / Batik (Cemara) 0000000020,28', '1100000', 'Belum Selesai'),
(387, 'T0000020', 32, 6, 'Kandangan 02,99999,Olahraga (TC) 0000000020,28', '1100000', 'Belum Selesai'),
(388, 'T0000020', 35, 6, 'Kandangan 02,99999,Pramuka (Famatex) 0000000020,28', '1100000', 'Belum Selesai'),
(389, 'T0000020', 29, 7, 'Kandangan 02,99999,Merah Putih (Famatex) 0000000020,28', '28', 'Belum Selesai'),
(390, 'T0000020', 31, 7, 'Kandangan 02,99999,Busana / Batik (Cemara) 0000000020,28', '28', 'Belum Selesai'),
(391, 'T0000020', 32, 7, 'Kandangan 02,99999,Olahraga (TC) 0000000020,28', '28', 'Belum Selesai'),
(392, 'T0000020', 35, 7, 'Kandangan 02,99999,Pramuka (Famatex) 0000000020,28', '28', 'Belum Selesai'),
(393, 'T0000020', 29, 16, 'Kandangan 02,99999,Merah Putih (Famatex) 0000000020,28', '1', 'Belum Selesai'),
(394, 'T0000020', 31, 16, 'Kandangan 02,99999,Busana / Batik (Cemara) 0000000020,28', '1', 'Belum Selesai'),
(395, 'T0000020', 32, 16, 'Kandangan 02,99999,Olahraga (TC) 0000000020,28', '1', 'Belum Selesai'),
(396, 'T0000020', 35, 16, 'Kandangan 02,99999,Pramuka (Famatex) 0000000020,28', '1', 'Belum Selesai'),
(397, 'T0000020', 29, 17, 'Kandangan 02,99999,Merah Putih (Famatex) 0000000020,28', '5', 'Belum Selesai'),
(398, 'T0000020', 31, 17, 'Kandangan 02,99999,Busana / Batik (Cemara) 0000000020,28', '7', 'Belum Selesai'),
(399, 'T0000020', 32, 17, 'Kandangan 02,99999,Olahraga (TC) 0000000020,28', '1', 'Belum Selesai'),
(400, 'T0000020', 35, 17, 'Kandangan 02,99999,Pramuka (Famatex) 0000000020,28', '3', 'Belum Selesai'),
(401, 'T0000021', 30, 5, 'Wonocempoko Ayu 01,99999,Merah Putih (Osfot) 0000000021,28', '5', 'Belum Selesai'),
(402, 'T0000021', 31, 5, 'Wonocempoko Ayu 01,99999,Busana / Batik (Cemara) 0000000021,28', '7', 'Belum Selesai'),
(403, 'T0000021', 32, 5, 'Wonocempoko Ayu 01,99999,Olahraga (TC) 0000000021,28', '7', 'Belum Selesai'),
(404, 'T0000021', 36, 5, 'Wonocempoko Ayu 01,99999,Pramuka (Osfot) 0000000021,28', '7', 'Belum Selesai'),
(405, 'T0000021', 30, 6, 'Wonocempoko Ayu 01,99999,Merah Putih (Osfot) 0000000021,28', '550000', 'Belum Selesai'),
(406, 'T0000021', 31, 6, 'Wonocempoko Ayu 01,99999,Busana / Batik (Cemara) 0000000021,28', '550000', 'Belum Selesai'),
(407, 'T0000021', 32, 6, 'Wonocempoko Ayu 01,99999,Olahraga (TC) 0000000021,28', '550000', 'Belum Selesai'),
(408, 'T0000021', 36, 6, 'Wonocempoko Ayu 01,99999,Pramuka (Osfot) 0000000021,28', '550000', 'Belum Selesai'),
(409, 'T0000021', 30, 7, 'Wonocempoko Ayu 01,99999,Merah Putih (Osfot) 0000000021,28', '28', 'Belum Selesai'),
(410, 'T0000021', 31, 7, 'Wonocempoko Ayu 01,99999,Busana / Batik (Cemara) 0000000021,28', '28', 'Belum Selesai'),
(411, 'T0000021', 32, 7, 'Wonocempoko Ayu 01,99999,Olahraga (TC) 0000000021,28', '28', 'Belum Selesai'),
(412, 'T0000021', 36, 7, 'Wonocempoko Ayu 01,99999,Pramuka (Osfot) 0000000021,28', '28', 'Belum Selesai'),
(413, 'T0000021', 30, 16, 'Wonocempoko Ayu 01,99999,Merah Putih (Osfot) 0000000021,28', '7', 'Belum Selesai'),
(414, 'T0000021', 31, 16, 'Wonocempoko Ayu 01,99999,Busana / Batik (Cemara) 0000000021,28', '7', 'Belum Selesai'),
(415, 'T0000021', 32, 16, 'Wonocempoko Ayu 01,99999,Olahraga (TC) 0000000021,28', '7', 'Belum Selesai'),
(416, 'T0000021', 36, 16, 'Wonocempoko Ayu 01,99999,Pramuka (Osfot) 0000000021,28', '7', 'Belum Selesai'),
(417, 'T0000021', 30, 17, 'Wonocempoko Ayu 01,99999,Merah Putih (Osfot) 0000000021,28', '7', 'Belum Selesai'),
(418, 'T0000021', 31, 17, 'Wonocempoko Ayu 01,99999,Busana / Batik (Cemara) 0000000021,28', '7', 'Belum Selesai'),
(419, 'T0000021', 32, 17, 'Wonocempoko Ayu 01,99999,Olahraga (TC) 0000000021,28', '5', 'Belum Selesai'),
(420, 'T0000021', 36, 17, 'Wonocempoko Ayu 01,99999,Pramuka (Osfot) 0000000021,28', '7', 'Belum Selesai'),
(421, 'T0000022', 28, 5, 'Bedayu 01,99999,Merah Putih (Dril) 0000000022,28', '9', 'Belum Selesai'),
(422, 'T0000022', 31, 5, 'Bedayu 01,99999,Busana / Batik (Cemara) 0000000022,28', '9', 'Belum Selesai'),
(423, 'T0000022', 32, 5, 'Bedayu 01,99999,Olahraga (TC) 0000000022,28', '7', 'Belum Selesai'),
(424, 'T0000022', 34, 5, 'Bedayu 01,99999,Pramuka (Dril) 0000000022,28', '5', 'Belum Selesai'),
(425, 'T0000022', 28, 6, 'Bedayu 01,99999,Merah Putih (Dril) 0000000022,28', '1000000', 'Belum Selesai'),
(426, 'T0000022', 31, 6, 'Bedayu 01,99999,Busana / Batik (Cemara) 0000000022,28', '1000000', 'Belum Selesai'),
(427, 'T0000022', 32, 6, 'Bedayu 01,99999,Olahraga (TC) 0000000022,28', '1000000', 'Belum Selesai'),
(428, 'T0000022', 34, 6, 'Bedayu 01,99999,Pramuka (Dril) 0000000022,28', '1000000', 'Belum Selesai'),
(429, 'T0000022', 28, 7, 'Bedayu 01,99999,Merah Putih (Dril) 0000000022,28', '28', 'Belum Selesai'),
(430, 'T0000022', 31, 7, 'Bedayu 01,99999,Busana / Batik (Cemara) 0000000022,28', '28', 'Belum Selesai'),
(431, 'T0000022', 32, 7, 'Bedayu 01,99999,Olahraga (TC) 0000000022,28', '28', 'Belum Selesai'),
(432, 'T0000022', 34, 7, 'Bedayu 01,99999,Pramuka (Dril) 0000000022,28', '28', 'Belum Selesai'),
(433, 'T0000022', 28, 16, 'Bedayu 01,99999,Merah Putih (Dril) 0000000022,28', '3', 'Belum Selesai'),
(434, 'T0000022', 31, 16, 'Bedayu 01,99999,Busana / Batik (Cemara) 0000000022,28', '3', 'Belum Selesai'),
(435, 'T0000022', 32, 16, 'Bedayu 01,99999,Olahraga (TC) 0000000022,28', '3', 'Belum Selesai'),
(436, 'T0000022', 34, 16, 'Bedayu 01,99999,Pramuka (Dril) 0000000022,28', '3', 'Belum Selesai'),
(437, 'T0000022', 28, 17, 'Bedayu 01,99999,Merah Putih (Dril) 0000000022,28', '1', 'Belum Selesai'),
(438, 'T0000022', 31, 17, 'Bedayu 01,99999,Busana / Batik (Cemara) 0000000022,28', '7', 'Belum Selesai'),
(439, 'T0000022', 32, 17, 'Bedayu 01,99999,Olahraga (TC) 0000000022,28', '7', 'Belum Selesai'),
(440, 'T0000022', 34, 17, 'Bedayu 01,99999,Pramuka (Dril) 0000000022,28', '9', 'Belum Selesai'),
(441, 'T0000023', 28, 5, 'Bedayu Talang 01,99999,Merah Putih (Dril) 0000000023,28', '3', 'Belum Selesai'),
(442, 'T0000023', 31, 5, 'Bedayu Talang 01,99999,Busana / Batik (Cemara) 0000000023,28', '5', 'Belum Selesai'),
(443, 'T0000023', 32, 5, 'Bedayu Talang 01,99999,Olahraga (TC) 0000000023,28', '3', 'Belum Selesai'),
(444, 'T0000023', 34, 5, 'Bedayu Talang 01,99999,Pramuka (Dril) 0000000023,28', '1', 'Belum Selesai'),
(445, 'T0000023', 28, 6, 'Bedayu Talang 01,99999,Merah Putih (Dril) 0000000023,28', '1300000', 'Belum Selesai'),
(446, 'T0000023', 31, 6, 'Bedayu Talang 01,99999,Busana / Batik (Cemara) 0000000023,28', '1300000', 'Belum Selesai'),
(447, 'T0000023', 32, 6, 'Bedayu Talang 01,99999,Olahraga (TC) 0000000023,28', '1300000', 'Belum Selesai'),
(448, 'T0000023', 34, 6, 'Bedayu Talang 01,99999,Pramuka (Dril) 0000000023,28', '1300000', 'Belum Selesai'),
(449, 'T0000023', 28, 7, 'Bedayu Talang 01,99999,Merah Putih (Dril) 0000000023,28', '28', 'Belum Selesai'),
(450, 'T0000023', 31, 7, 'Bedayu Talang 01,99999,Busana / Batik (Cemara) 0000000023,28', '28', 'Belum Selesai'),
(451, 'T0000023', 32, 7, 'Bedayu Talang 01,99999,Olahraga (TC) 0000000023,28', '28', 'Belum Selesai'),
(452, 'T0000023', 34, 7, 'Bedayu Talang 01,99999,Pramuka (Dril) 0000000023,28', '28', 'Belum Selesai'),
(453, 'T0000023', 28, 16, 'Bedayu Talang 01,99999,Merah Putih (Dril) 0000000023,28', '7', 'Belum Selesai'),
(454, 'T0000023', 31, 16, 'Bedayu Talang 01,99999,Busana / Batik (Cemara) 0000000023,28', '7', 'Belum Selesai'),
(455, 'T0000023', 32, 16, 'Bedayu Talang 01,99999,Olahraga (TC) 0000000023,28', '7', 'Belum Selesai'),
(456, 'T0000023', 34, 16, 'Bedayu Talang 01,99999,Pramuka (Dril) 0000000023,28', '7', 'Belum Selesai'),
(457, 'T0000023', 28, 17, 'Bedayu Talang 01,99999,Merah Putih (Dril) 0000000023,28', '9', 'Belum Selesai'),
(458, 'T0000023', 31, 17, 'Bedayu Talang 01,99999,Busana / Batik (Cemara) 0000000023,28', '1', 'Belum Selesai'),
(459, 'T0000023', 32, 17, 'Bedayu Talang 01,99999,Olahraga (TC) 0000000023,28', '9', 'Belum Selesai'),
(460, 'T0000023', 34, 17, 'Bedayu Talang 01,99999,Pramuka (Dril) 0000000023,28', '9', 'Belum Selesai'),
(461, 'T0000024', 28, 5, 'Argosari 01,99999,Merah Putih (Dril) 0000000024,56', '3', 'Belum Selesai'),
(462, 'T0000024', 31, 5, 'Argosari 01,99999,Busana / Batik (Cemara) 0000000024,56', '7', 'Belum Selesai'),
(463, 'T0000024', 32, 5, 'Argosari 01,99999,Olahraga (TC) 0000000024,56', '7', 'Belum Selesai'),
(464, 'T0000024', 34, 5, 'Argosari 01,99999,Pramuka (Dril) 0000000024,56', '3', 'Belum Selesai'),
(465, 'T0000024', 28, 6, 'Argosari 01,99999,Merah Putih (Dril) 0000000024,56', '2200000', 'Belum Selesai'),
(466, 'T0000024', 31, 6, 'Argosari 01,99999,Busana / Batik (Cemara) 0000000024,56', '2200000', 'Belum Selesai'),
(467, 'T0000024', 32, 6, 'Argosari 01,99999,Olahraga (TC) 0000000024,56', '2200000', 'Belum Selesai'),
(468, 'T0000024', 34, 6, 'Argosari 01,99999,Pramuka (Dril) 0000000024,56', '2200000', 'Belum Selesai'),
(469, 'T0000024', 28, 7, 'Argosari 01,99999,Merah Putih (Dril) 0000000024,56', '56', 'Belum Selesai'),
(470, 'T0000024', 31, 7, 'Argosari 01,99999,Busana / Batik (Cemara) 0000000024,56', '56', 'Belum Selesai'),
(471, 'T0000024', 32, 7, 'Argosari 01,99999,Olahraga (TC) 0000000024,56', '56', 'Belum Selesai'),
(472, 'T0000024', 34, 7, 'Argosari 01,99999,Pramuka (Dril) 0000000024,56', '56', 'Belum Selesai'),
(473, 'T0000024', 28, 16, 'Argosari 01,99999,Merah Putih (Dril) 0000000024,56', '5', 'Belum Selesai'),
(474, 'T0000024', 31, 16, 'Argosari 01,99999,Busana / Batik (Cemara) 0000000024,56', '5', 'Belum Selesai'),
(475, 'T0000024', 32, 16, 'Argosari 01,99999,Olahraga (TC) 0000000024,56', '5', 'Belum Selesai'),
(476, 'T0000024', 34, 16, 'Argosari 01,99999,Pramuka (Dril) 0000000024,56', '5', 'Belum Selesai'),
(477, 'T0000024', 28, 17, 'Argosari 01,99999,Merah Putih (Dril) 0000000024,56', '1', 'Belum Selesai'),
(478, 'T0000024', 31, 17, 'Argosari 01,99999,Busana / Batik (Cemara) 0000000024,56', '1', 'Belum Selesai'),
(479, 'T0000024', 32, 17, 'Argosari 01,99999,Olahraga (TC) 0000000024,56', '5', 'Belum Selesai'),
(480, 'T0000024', 34, 17, 'Argosari 01,99999,Pramuka (Dril) 0000000024,56', '7', 'Belum Selesai'),
(481, 'T0000025', 29, 5, 'Argosari 02,99999,Merah Putih (Famatex) 0000000025,28', '1', 'Belum Selesai'),
(482, 'T0000025', 31, 5, 'Argosari 02,99999,Busana / Batik (Cemara) 0000000025,28', '5', 'Belum Selesai'),
(483, 'T0000025', 32, 5, 'Argosari 02,99999,Olahraga (TC) 0000000025,28', '3', 'Belum Selesai'),
(484, 'T0000025', 35, 5, 'Argosari 02,99999,Pramuka (Famatex) 0000000025,28', '3', 'Belum Selesai'),
(485, 'T0000025', 29, 6, 'Argosari 02,99999,Merah Putih (Famatex) 0000000025,28', '1100000', 'Belum Selesai');
INSERT INTO `detail_transaksi` (`id_detail_transaksi`, `id_transaksi`, `id_barang`, `id_kriteria`, `nama_barang_detail`, `value_kriteria`, `status_pengerjaan`) VALUES
(486, 'T0000025', 31, 6, 'Argosari 02,99999,Busana / Batik (Cemara) 0000000025,28', '1100000', 'Belum Selesai'),
(487, 'T0000025', 32, 6, 'Argosari 02,99999,Olahraga (TC) 0000000025,28', '1100000', 'Belum Selesai'),
(488, 'T0000025', 35, 6, 'Argosari 02,99999,Pramuka (Famatex) 0000000025,28', '1100000', 'Belum Selesai'),
(489, 'T0000025', 29, 7, 'Argosari 02,99999,Merah Putih (Famatex) 0000000025,28', '28', 'Belum Selesai'),
(490, 'T0000025', 31, 7, 'Argosari 02,99999,Busana / Batik (Cemara) 0000000025,28', '28', 'Belum Selesai'),
(491, 'T0000025', 32, 7, 'Argosari 02,99999,Olahraga (TC) 0000000025,28', '28', 'Belum Selesai'),
(492, 'T0000025', 35, 7, 'Argosari 02,99999,Pramuka (Famatex) 0000000025,28', '28', 'Belum Selesai'),
(493, 'T0000025', 29, 16, 'Argosari 02,99999,Merah Putih (Famatex) 0000000025,28', '3', 'Belum Selesai'),
(494, 'T0000025', 31, 16, 'Argosari 02,99999,Busana / Batik (Cemara) 0000000025,28', '3', 'Belum Selesai'),
(495, 'T0000025', 32, 16, 'Argosari 02,99999,Olahraga (TC) 0000000025,28', '3', 'Belum Selesai'),
(496, 'T0000025', 35, 16, 'Argosari 02,99999,Pramuka (Famatex) 0000000025,28', '3', 'Belum Selesai'),
(497, 'T0000025', 29, 17, 'Argosari 02,99999,Merah Putih (Famatex) 0000000025,28', '9', 'Belum Selesai'),
(498, 'T0000025', 31, 17, 'Argosari 02,99999,Busana / Batik (Cemara) 0000000025,28', '5', 'Belum Selesai'),
(499, 'T0000025', 32, 17, 'Argosari 02,99999,Olahraga (TC) 0000000025,28', '1', 'Belum Selesai'),
(500, 'T0000025', 35, 17, 'Argosari 02,99999,Pramuka (Famatex) 0000000025,28', '7', 'Belum Selesai'),
(501, 'T0000026', 30, 5, 'Argosari 03,99999,Merah Putih (Osfot) 0000000026,28', '5', 'Belum Selesai'),
(502, 'T0000026', 31, 5, 'Argosari 03,99999,Busana / Batik (Cemara) 0000000026,28', '5', 'Belum Selesai'),
(503, 'T0000026', 33, 5, 'Argosari 03,99999,Olahraga (Katun) 0000000026,28', '5', 'Belum Selesai'),
(504, 'T0000026', 36, 5, 'Argosari 03,99999,Pramuka (Osfot) 0000000026,28', '3', 'Belum Selesai'),
(505, 'T0000026', 30, 6, 'Argosari 03,99999,Merah Putih (Osfot) 0000000026,28', '780000', 'Belum Selesai'),
(506, 'T0000026', 31, 6, 'Argosari 03,99999,Busana / Batik (Cemara) 0000000026,28', '780000', 'Belum Selesai'),
(507, 'T0000026', 33, 6, 'Argosari 03,99999,Olahraga (Katun) 0000000026,28', '780000', 'Belum Selesai'),
(508, 'T0000026', 36, 6, 'Argosari 03,99999,Pramuka (Osfot) 0000000026,28', '780000', 'Belum Selesai'),
(509, 'T0000026', 30, 7, 'Argosari 03,99999,Merah Putih (Osfot) 0000000026,28', '28', 'Belum Selesai'),
(510, 'T0000026', 31, 7, 'Argosari 03,99999,Busana / Batik (Cemara) 0000000026,28', '28', 'Belum Selesai'),
(511, 'T0000026', 33, 7, 'Argosari 03,99999,Olahraga (Katun) 0000000026,28', '28', 'Belum Selesai'),
(512, 'T0000026', 36, 7, 'Argosari 03,99999,Pramuka (Osfot) 0000000026,28', '28', 'Belum Selesai'),
(513, 'T0000026', 30, 16, 'Argosari 03,99999,Merah Putih (Osfot) 0000000026,28', '5', 'Belum Selesai'),
(514, 'T0000026', 31, 16, 'Argosari 03,99999,Busana / Batik (Cemara) 0000000026,28', '5', 'Belum Selesai'),
(515, 'T0000026', 33, 16, 'Argosari 03,99999,Olahraga (Katun) 0000000026,28', '5', 'Belum Selesai'),
(516, 'T0000026', 36, 16, 'Argosari 03,99999,Pramuka (Osfot) 0000000026,28', '5', 'Belum Selesai'),
(517, 'T0000026', 30, 17, 'Argosari 03,99999,Merah Putih (Osfot) 0000000026,28', '7', 'Belum Selesai'),
(518, 'T0000026', 31, 17, 'Argosari 03,99999,Busana / Batik (Cemara) 0000000026,28', '9', 'Belum Selesai'),
(519, 'T0000026', 33, 17, 'Argosari 03,99999,Olahraga (Katun) 0000000026,28', '1', 'Belum Selesai'),
(520, 'T0000026', 36, 17, 'Argosari 03,99999,Pramuka (Osfot) 0000000026,28', '3', 'Belum Selesai'),
(521, 'T0000027', 30, 5, 'Pandansari 01,99999,Merah Putih (Osfot) 0000000027,56', '3', 'Belum Selesai'),
(522, 'T0000027', 31, 5, 'Pandansari 01,99999,Busana / Batik (Cemara) 0000000027,56', '9', 'Belum Selesai'),
(523, 'T0000027', 32, 5, 'Pandansari 01,99999,Olahraga (TC) 0000000027,56', '7', 'Belum Selesai'),
(524, 'T0000027', 36, 5, 'Pandansari 01,99999,Pramuka (Osfot) 0000000027,56', '9', 'Belum Selesai'),
(525, 'T0000027', 30, 6, 'Pandansari 01,99999,Merah Putih (Osfot) 0000000027,56', '2300000', 'Belum Selesai'),
(526, 'T0000027', 31, 6, 'Pandansari 01,99999,Busana / Batik (Cemara) 0000000027,56', '2300000', 'Belum Selesai'),
(527, 'T0000027', 32, 6, 'Pandansari 01,99999,Olahraga (TC) 0000000027,56', '2300000', 'Belum Selesai'),
(528, 'T0000027', 36, 6, 'Pandansari 01,99999,Pramuka (Osfot) 0000000027,56', '2300000', 'Belum Selesai'),
(529, 'T0000027', 30, 7, 'Pandansari 01,99999,Merah Putih (Osfot) 0000000027,56', '56', 'Belum Selesai'),
(530, 'T0000027', 31, 7, 'Pandansari 01,99999,Busana / Batik (Cemara) 0000000027,56', '56', 'Belum Selesai'),
(531, 'T0000027', 32, 7, 'Pandansari 01,99999,Olahraga (TC) 0000000027,56', '56', 'Belum Selesai'),
(532, 'T0000027', 36, 7, 'Pandansari 01,99999,Pramuka (Osfot) 0000000027,56', '56', 'Belum Selesai'),
(533, 'T0000027', 30, 16, 'Pandansari 01,99999,Merah Putih (Osfot) 0000000027,56', '9', 'Belum Selesai'),
(534, 'T0000027', 31, 16, 'Pandansari 01,99999,Busana / Batik (Cemara) 0000000027,56', '9', 'Belum Selesai'),
(535, 'T0000027', 32, 16, 'Pandansari 01,99999,Olahraga (TC) 0000000027,56', '9', 'Belum Selesai'),
(536, 'T0000027', 36, 16, 'Pandansari 01,99999,Pramuka (Osfot) 0000000027,56', '9', 'Belum Selesai'),
(537, 'T0000027', 30, 17, 'Pandansari 01,99999,Merah Putih (Osfot) 0000000027,56', '5', 'Belum Selesai'),
(538, 'T0000027', 31, 17, 'Pandansari 01,99999,Busana / Batik (Cemara) 0000000027,56', '3', 'Belum Selesai'),
(539, 'T0000027', 32, 17, 'Pandansari 01,99999,Olahraga (TC) 0000000027,56', '9', 'Belum Selesai'),
(540, 'T0000027', 36, 17, 'Pandansari 01,99999,Pramuka (Osfot) 0000000027,56', '1', 'Belum Selesai'),
(541, 'T0000028', 30, 5, 'Pandansari 02,99999,Merah Putih (Osfot) 0000000028,28', '7', 'Belum Selesai'),
(542, 'T0000028', 31, 5, 'Pandansari 02,99999,Busana / Batik (Cemara) 0000000028,28', '3', 'Belum Selesai'),
(543, 'T0000028', 32, 5, 'Pandansari 02,99999,Olahraga (TC) 0000000028,28', '1', 'Belum Selesai'),
(544, 'T0000028', 36, 5, 'Pandansari 02,99999,Pramuka (Osfot) 0000000028,28', '9', 'Belum Selesai'),
(545, 'T0000028', 30, 6, 'Pandansari 02,99999,Merah Putih (Osfot) 0000000028,28', '1500000', 'Belum Selesai'),
(546, 'T0000028', 31, 6, 'Pandansari 02,99999,Busana / Batik (Cemara) 0000000028,28', '1500000', 'Belum Selesai'),
(547, 'T0000028', 32, 6, 'Pandansari 02,99999,Olahraga (TC) 0000000028,28', '1500000', 'Belum Selesai'),
(548, 'T0000028', 36, 6, 'Pandansari 02,99999,Pramuka (Osfot) 0000000028,28', '1500000', 'Belum Selesai'),
(549, 'T0000028', 30, 7, 'Pandansari 02,99999,Merah Putih (Osfot) 0000000028,28', '28', 'Belum Selesai'),
(550, 'T0000028', 31, 7, 'Pandansari 02,99999,Busana / Batik (Cemara) 0000000028,28', '28', 'Belum Selesai'),
(551, 'T0000028', 32, 7, 'Pandansari 02,99999,Olahraga (TC) 0000000028,28', '28', 'Belum Selesai'),
(552, 'T0000028', 36, 7, 'Pandansari 02,99999,Pramuka (Osfot) 0000000028,28', '28', 'Belum Selesai'),
(553, 'T0000028', 30, 16, 'Pandansari 02,99999,Merah Putih (Osfot) 0000000028,28', '7', 'Belum Selesai'),
(554, 'T0000028', 31, 16, 'Pandansari 02,99999,Busana / Batik (Cemara) 0000000028,28', '7', 'Belum Selesai'),
(555, 'T0000028', 32, 16, 'Pandansari 02,99999,Olahraga (TC) 0000000028,28', '7', 'Belum Selesai'),
(556, 'T0000028', 36, 16, 'Pandansari 02,99999,Pramuka (Osfot) 0000000028,28', '7', 'Belum Selesai'),
(557, 'T0000028', 30, 17, 'Pandansari 02,99999,Merah Putih (Osfot) 0000000028,28', '9', 'Belum Selesai'),
(558, 'T0000028', 31, 17, 'Pandansari 02,99999,Busana / Batik (Cemara) 0000000028,28', '3', 'Belum Selesai'),
(559, 'T0000028', 32, 17, 'Pandansari 02,99999,Olahraga (TC) 0000000028,28', '5', 'Belum Selesai'),
(560, 'T0000028', 36, 17, 'Pandansari 02,99999,Pramuka (Osfot) 0000000028,28', '1', 'Belum Selesai'),
(561, 'T0000029', 28, 5, 'Pandansari 03,99999,Merah Putih (Dril) 0000000029,28', '7', 'Belum Selesai'),
(562, 'T0000029', 31, 5, 'Pandansari 03,99999,Busana / Batik (Cemara) 0000000029,28', '3', 'Belum Selesai'),
(563, 'T0000029', 32, 5, 'Pandansari 03,99999,Olahraga (TC) 0000000029,28', '1', 'Belum Selesai'),
(564, 'T0000029', 34, 5, 'Pandansari 03,99999,Pramuka (Dril) 0000000029,28', '9', 'Belum Selesai'),
(565, 'T0000029', 28, 6, 'Pandansari 03,99999,Merah Putih (Dril) 0000000029,28', '1200000', 'Belum Selesai'),
(566, 'T0000029', 31, 6, 'Pandansari 03,99999,Busana / Batik (Cemara) 0000000029,28', '1200000', 'Belum Selesai'),
(567, 'T0000029', 32, 6, 'Pandansari 03,99999,Olahraga (TC) 0000000029,28', '1200000', 'Belum Selesai'),
(568, 'T0000029', 34, 6, 'Pandansari 03,99999,Pramuka (Dril) 0000000029,28', '1200000', 'Belum Selesai'),
(569, 'T0000029', 28, 7, 'Pandansari 03,99999,Merah Putih (Dril) 0000000029,28', '28', 'Belum Selesai'),
(570, 'T0000029', 31, 7, 'Pandansari 03,99999,Busana / Batik (Cemara) 0000000029,28', '28', 'Belum Selesai'),
(571, 'T0000029', 32, 7, 'Pandansari 03,99999,Olahraga (TC) 0000000029,28', '28', 'Belum Selesai'),
(572, 'T0000029', 34, 7, 'Pandansari 03,99999,Pramuka (Dril) 0000000029,28', '28', 'Belum Selesai'),
(573, 'T0000029', 28, 16, 'Pandansari 03,99999,Merah Putih (Dril) 0000000029,28', '9', 'Belum Selesai'),
(574, 'T0000029', 31, 16, 'Pandansari 03,99999,Busana / Batik (Cemara) 0000000029,28', '9', 'Belum Selesai'),
(575, 'T0000029', 32, 16, 'Pandansari 03,99999,Olahraga (TC) 0000000029,28', '9', 'Belum Selesai'),
(576, 'T0000029', 34, 16, 'Pandansari 03,99999,Pramuka (Dril) 0000000029,28', '9', 'Belum Selesai'),
(577, 'T0000029', 28, 17, 'Pandansari 03,99999,Merah Putih (Dril) 0000000029,28', '7', 'Belum Selesai'),
(578, 'T0000029', 31, 17, 'Pandansari 03,99999,Busana / Batik (Cemara) 0000000029,28', '5', 'Belum Selesai'),
(579, 'T0000029', 32, 17, 'Pandansari 03,99999,Olahraga (TC) 0000000029,28', '3', 'Belum Selesai'),
(580, 'T0000029', 34, 17, 'Pandansari 03,99999,Pramuka (Dril) 0000000029,28', '5', 'Belum Selesai'),
(581, 'T0000030', 30, 5, 'Mojo 02,99999,Merah Putih (Osfot) 0000000030,25', '5', 'Belum Selesai'),
(582, 'T0000030', 31, 5, 'Mojo 02,99999,Busana / Batik (Cemara) 0000000030,25', '5', 'Belum Selesai'),
(583, 'T0000030', 32, 5, 'Mojo 02,99999,Olahraga (TC) 0000000030,25', '7', 'Belum Selesai'),
(584, 'T0000030', 36, 5, 'Mojo 02,99999,Pramuka (Osfot) 0000000030,25', '5', 'Belum Selesai'),
(585, 'T0000030', 30, 6, 'Mojo 02,99999,Merah Putih (Osfot) 0000000030,25', '500000', 'Belum Selesai'),
(586, 'T0000030', 31, 6, 'Mojo 02,99999,Busana / Batik (Cemara) 0000000030,25', '500000', 'Belum Selesai'),
(587, 'T0000030', 32, 6, 'Mojo 02,99999,Olahraga (TC) 0000000030,25', '500000', 'Belum Selesai'),
(588, 'T0000030', 36, 6, 'Mojo 02,99999,Pramuka (Osfot) 0000000030,25', '500000', 'Belum Selesai'),
(589, 'T0000030', 30, 7, 'Mojo 02,99999,Merah Putih (Osfot) 0000000030,25', '25', 'Belum Selesai'),
(590, 'T0000030', 31, 7, 'Mojo 02,99999,Busana / Batik (Cemara) 0000000030,25', '25', 'Belum Selesai'),
(591, 'T0000030', 32, 7, 'Mojo 02,99999,Olahraga (TC) 0000000030,25', '25', 'Belum Selesai'),
(592, 'T0000030', 36, 7, 'Mojo 02,99999,Pramuka (Osfot) 0000000030,25', '25', 'Belum Selesai'),
(593, 'T0000030', 30, 16, 'Mojo 02,99999,Merah Putih (Osfot) 0000000030,25', '7', 'Belum Selesai'),
(594, 'T0000030', 31, 16, 'Mojo 02,99999,Busana / Batik (Cemara) 0000000030,25', '7', 'Belum Selesai'),
(595, 'T0000030', 32, 16, 'Mojo 02,99999,Olahraga (TC) 0000000030,25', '7', 'Belum Selesai'),
(596, 'T0000030', 36, 16, 'Mojo 02,99999,Pramuka (Osfot) 0000000030,25', '7', 'Belum Selesai'),
(597, 'T0000030', 30, 17, 'Mojo 02,99999,Merah Putih (Osfot) 0000000030,25', '7', 'Belum Selesai'),
(598, 'T0000030', 31, 17, 'Mojo 02,99999,Busana / Batik (Cemara) 0000000030,25', '1', 'Belum Selesai'),
(599, 'T0000030', 32, 17, 'Mojo 02,99999,Olahraga (TC) 0000000030,25', '9', 'Belum Selesai'),
(600, 'T0000030', 36, 17, 'Mojo 02,99999,Pramuka (Osfot) 0000000030,25', '1', 'Belum Selesai'),
(601, 'T0000031', 30, 5, 'Padang 01,99999,Merah Putih (Osfot) 0000000031,56', '5', 'Belum Selesai'),
(602, 'T0000031', 31, 5, 'Padang 01,99999,Busana / Batik (Cemara) 0000000031,56', '1', 'Belum Selesai'),
(603, 'T0000031', 32, 5, 'Padang 01,99999,Olahraga (TC) 0000000031,56', '7', 'Belum Selesai'),
(604, 'T0000031', 36, 5, 'Padang 01,99999,Pramuka (Osfot) 0000000031,56', '5', 'Belum Selesai'),
(605, 'T0000031', 30, 6, 'Padang 01,99999,Merah Putih (Osfot) 0000000031,56', '1700000', 'Belum Selesai'),
(606, 'T0000031', 31, 6, 'Padang 01,99999,Busana / Batik (Cemara) 0000000031,56', '1700000', 'Belum Selesai'),
(607, 'T0000031', 32, 6, 'Padang 01,99999,Olahraga (TC) 0000000031,56', '1700000', 'Belum Selesai'),
(608, 'T0000031', 36, 6, 'Padang 01,99999,Pramuka (Osfot) 0000000031,56', '1700000', 'Belum Selesai'),
(609, 'T0000031', 30, 7, 'Padang 01,99999,Merah Putih (Osfot) 0000000031,56', '56', 'Belum Selesai'),
(610, 'T0000031', 31, 7, 'Padang 01,99999,Busana / Batik (Cemara) 0000000031,56', '56', 'Belum Selesai'),
(611, 'T0000031', 32, 7, 'Padang 01,99999,Olahraga (TC) 0000000031,56', '56', 'Belum Selesai'),
(612, 'T0000031', 36, 7, 'Padang 01,99999,Pramuka (Osfot) 0000000031,56', '56', 'Belum Selesai'),
(613, 'T0000031', 30, 16, 'Padang 01,99999,Merah Putih (Osfot) 0000000031,56', '7', 'Belum Selesai'),
(614, 'T0000031', 31, 16, 'Padang 01,99999,Busana / Batik (Cemara) 0000000031,56', '7', 'Belum Selesai'),
(615, 'T0000031', 32, 16, 'Padang 01,99999,Olahraga (TC) 0000000031,56', '7', 'Belum Selesai'),
(616, 'T0000031', 36, 16, 'Padang 01,99999,Pramuka (Osfot) 0000000031,56', '7', 'Belum Selesai'),
(617, 'T0000031', 30, 17, 'Padang 01,99999,Merah Putih (Osfot) 0000000031,56', '7', 'Belum Selesai'),
(618, 'T0000031', 31, 17, 'Padang 01,99999,Busana / Batik (Cemara) 0000000031,56', '7', 'Belum Selesai'),
(619, 'T0000031', 32, 17, 'Padang 01,99999,Olahraga (TC) 0000000031,56', '5', 'Belum Selesai'),
(620, 'T0000031', 36, 17, 'Padang 01,99999,Pramuka (Osfot) 0000000031,56', '5', 'Belum Selesai'),
(621, 'T0000032', 30, 5, 'Padang 02,99999,Merah Putih (Osfot) 0000000032,28', '3', 'Belum Selesai'),
(622, 'T0000032', 31, 5, 'Padang 02,99999,Busana / Batik (Cemara) 0000000032,28', '9', 'Belum Selesai'),
(623, 'T0000032', 32, 5, 'Padang 02,99999,Olahraga (TC) 0000000032,28', '5', 'Belum Selesai'),
(624, 'T0000032', 36, 5, 'Padang 02,99999,Pramuka (Osfot) 0000000032,28', '3', 'Belum Selesai'),
(625, 'T0000032', 30, 6, 'Padang 02,99999,Merah Putih (Osfot) 0000000032,28', '1100000', 'Belum Selesai'),
(626, 'T0000032', 31, 6, 'Padang 02,99999,Busana / Batik (Cemara) 0000000032,28', '1100000', 'Belum Selesai'),
(627, 'T0000032', 32, 6, 'Padang 02,99999,Olahraga (TC) 0000000032,28', '1100000', 'Belum Selesai'),
(628, 'T0000032', 36, 6, 'Padang 02,99999,Pramuka (Osfot) 0000000032,28', '1100000', 'Belum Selesai'),
(629, 'T0000032', 30, 7, 'Padang 02,99999,Merah Putih (Osfot) 0000000032,28', '28', 'Belum Selesai'),
(630, 'T0000032', 31, 7, 'Padang 02,99999,Busana / Batik (Cemara) 0000000032,28', '28', 'Belum Selesai'),
(631, 'T0000032', 32, 7, 'Padang 02,99999,Olahraga (TC) 0000000032,28', '28', 'Belum Selesai'),
(632, 'T0000032', 36, 7, 'Padang 02,99999,Pramuka (Osfot) 0000000032,28', '28', 'Belum Selesai'),
(633, 'T0000032', 30, 16, 'Padang 02,99999,Merah Putih (Osfot) 0000000032,28', '5', 'Belum Selesai'),
(634, 'T0000032', 31, 16, 'Padang 02,99999,Busana / Batik (Cemara) 0000000032,28', '5', 'Belum Selesai'),
(635, 'T0000032', 32, 16, 'Padang 02,99999,Olahraga (TC) 0000000032,28', '5', 'Belum Selesai'),
(636, 'T0000032', 36, 16, 'Padang 02,99999,Pramuka (Osfot) 0000000032,28', '5', 'Belum Selesai'),
(637, 'T0000032', 30, 17, 'Padang 02,99999,Merah Putih (Osfot) 0000000032,28', '1', 'Belum Selesai'),
(638, 'T0000032', 31, 17, 'Padang 02,99999,Busana / Batik (Cemara) 0000000032,28', '9', 'Belum Selesai'),
(639, 'T0000032', 32, 17, 'Padang 02,99999,Olahraga (TC) 0000000032,28', '7', 'Belum Selesai'),
(640, 'T0000032', 36, 17, 'Padang 02,99999,Pramuka (Osfot) 0000000032,28', '5', 'Belum Selesai'),
(641, 'T0000033', 30, 5, 'Padang 03,99999,Merah Putih (Osfot) 0000000033,28', '7', 'Belum Selesai'),
(642, 'T0000033', 31, 5, 'Padang 03,99999,Busana / Batik (Cemara) 0000000033,28', '7', 'Belum Selesai'),
(643, 'T0000033', 33, 5, 'Padang 03,99999,Olahraga (Katun) 0000000033,28', '7', 'Belum Selesai'),
(644, 'T0000033', 36, 5, 'Padang 03,99999,Pramuka (Osfot) 0000000033,28', '9', 'Belum Selesai'),
(645, 'T0000033', 30, 6, 'Padang 03,99999,Merah Putih (Osfot) 0000000033,28', '1400000', 'Belum Selesai'),
(646, 'T0000033', 31, 6, 'Padang 03,99999,Busana / Batik (Cemara) 0000000033,28', '1400000', 'Belum Selesai'),
(647, 'T0000033', 33, 6, 'Padang 03,99999,Olahraga (Katun) 0000000033,28', '1400000', 'Belum Selesai'),
(648, 'T0000033', 36, 6, 'Padang 03,99999,Pramuka (Osfot) 0000000033,28', '1400000', 'Belum Selesai'),
(649, 'T0000033', 30, 7, 'Padang 03,99999,Merah Putih (Osfot) 0000000033,28', '28', 'Belum Selesai'),
(650, 'T0000033', 31, 7, 'Padang 03,99999,Busana / Batik (Cemara) 0000000033,28', '28', 'Belum Selesai'),
(651, 'T0000033', 33, 7, 'Padang 03,99999,Olahraga (Katun) 0000000033,28', '28', 'Belum Selesai'),
(652, 'T0000033', 36, 7, 'Padang 03,99999,Pramuka (Osfot) 0000000033,28', '28', 'Belum Selesai'),
(653, 'T0000033', 30, 16, 'Padang 03,99999,Merah Putih (Osfot) 0000000033,28', '7', 'Belum Selesai'),
(654, 'T0000033', 31, 16, 'Padang 03,99999,Busana / Batik (Cemara) 0000000033,28', '7', 'Belum Selesai'),
(655, 'T0000033', 33, 16, 'Padang 03,99999,Olahraga (Katun) 0000000033,28', '7', 'Belum Selesai'),
(656, 'T0000033', 36, 16, 'Padang 03,99999,Pramuka (Osfot) 0000000033,28', '7', 'Belum Selesai'),
(657, 'T0000033', 30, 17, 'Padang 03,99999,Merah Putih (Osfot) 0000000033,28', '5', 'Belum Selesai'),
(658, 'T0000033', 31, 17, 'Padang 03,99999,Busana / Batik (Cemara) 0000000033,28', '3', 'Belum Selesai'),
(659, 'T0000033', 33, 17, 'Padang 03,99999,Olahraga (Katun) 0000000033,28', '5', 'Belum Selesai'),
(660, 'T0000033', 36, 17, 'Padang 03,99999,Pramuka (Osfot) 0000000033,28', '7', 'Belum Selesai'),
(661, 'T0000034', 29, 5, 'Kalisemut 01,99999,Merah Putih (Famatex) 0000000034,28', '3', 'Belum Selesai'),
(662, 'T0000034', 31, 5, 'Kalisemut 01,99999,Busana / Batik (Cemara) 0000000034,28', '1', 'Belum Selesai'),
(663, 'T0000034', 32, 5, 'Kalisemut 01,99999,Olahraga (TC) 0000000034,28', '9', 'Belum Selesai'),
(664, 'T0000034', 35, 5, 'Kalisemut 01,99999,Pramuka (Famatex) 0000000034,28', '1', 'Belum Selesai'),
(665, 'T0000034', 29, 6, 'Kalisemut 01,99999,Merah Putih (Famatex) 0000000034,28', '1300000', 'Belum Selesai'),
(666, 'T0000034', 31, 6, 'Kalisemut 01,99999,Busana / Batik (Cemara) 0000000034,28', '1300000', 'Belum Selesai'),
(667, 'T0000034', 32, 6, 'Kalisemut 01,99999,Olahraga (TC) 0000000034,28', '1300000', 'Belum Selesai'),
(668, 'T0000034', 35, 6, 'Kalisemut 01,99999,Pramuka (Famatex) 0000000034,28', '1300000', 'Belum Selesai'),
(669, 'T0000034', 29, 7, 'Kalisemut 01,99999,Merah Putih (Famatex) 0000000034,28', '28', 'Belum Selesai'),
(670, 'T0000034', 31, 7, 'Kalisemut 01,99999,Busana / Batik (Cemara) 0000000034,28', '28', 'Belum Selesai'),
(671, 'T0000034', 32, 7, 'Kalisemut 01,99999,Olahraga (TC) 0000000034,28', '28', 'Belum Selesai'),
(672, 'T0000034', 35, 7, 'Kalisemut 01,99999,Pramuka (Famatex) 0000000034,28', '28', 'Belum Selesai'),
(673, 'T0000034', 29, 16, 'Kalisemut 01,99999,Merah Putih (Famatex) 0000000034,28', '1', 'Belum Selesai'),
(674, 'T0000034', 31, 16, 'Kalisemut 01,99999,Busana / Batik (Cemara) 0000000034,28', '1', 'Belum Selesai'),
(675, 'T0000034', 32, 16, 'Kalisemut 01,99999,Olahraga (TC) 0000000034,28', '1', 'Belum Selesai'),
(676, 'T0000034', 35, 16, 'Kalisemut 01,99999,Pramuka (Famatex) 0000000034,28', '1', 'Belum Selesai'),
(677, 'T0000034', 29, 17, 'Kalisemut 01,99999,Merah Putih (Famatex) 0000000034,28', '1', 'Belum Selesai'),
(678, 'T0000034', 31, 17, 'Kalisemut 01,99999,Busana / Batik (Cemara) 0000000034,28', '3', 'Belum Selesai'),
(679, 'T0000034', 32, 17, 'Kalisemut 01,99999,Olahraga (TC) 0000000034,28', '9', 'Belum Selesai'),
(680, 'T0000034', 35, 17, 'Kalisemut 01,99999,Pramuka (Famatex) 0000000034,28', '3', 'Belum Selesai'),
(681, 'T0000035', 30, 5, 'Gucialit 01,99999,Merah Putih (Osfot) 0000000035,50', '9', 'Belum Selesai'),
(682, 'T0000035', 31, 5, 'Gucialit 01,99999,Busana / Batik (Cemara) 0000000035,50', '1', 'Belum Selesai'),
(683, 'T0000035', 32, 5, 'Gucialit 01,99999,Olahraga (TC) 0000000035,50', '1', 'Belum Selesai'),
(684, 'T0000035', 36, 5, 'Gucialit 01,99999,Pramuka (Osfot) 0000000035,50', '1', 'Belum Selesai'),
(685, 'T0000035', 30, 6, 'Gucialit 01,99999,Merah Putih (Osfot) 0000000035,50', '1500000', 'Belum Selesai'),
(686, 'T0000035', 31, 6, 'Gucialit 01,99999,Busana / Batik (Cemara) 0000000035,50', '1500000', 'Belum Selesai'),
(687, 'T0000035', 32, 6, 'Gucialit 01,99999,Olahraga (TC) 0000000035,50', '1500000', 'Belum Selesai'),
(688, 'T0000035', 36, 6, 'Gucialit 01,99999,Pramuka (Osfot) 0000000035,50', '1500000', 'Belum Selesai'),
(689, 'T0000035', 30, 7, 'Gucialit 01,99999,Merah Putih (Osfot) 0000000035,50', '50', 'Belum Selesai'),
(690, 'T0000035', 31, 7, 'Gucialit 01,99999,Busana / Batik (Cemara) 0000000035,50', '50', 'Belum Selesai'),
(691, 'T0000035', 32, 7, 'Gucialit 01,99999,Olahraga (TC) 0000000035,50', '50', 'Belum Selesai'),
(692, 'T0000035', 36, 7, 'Gucialit 01,99999,Pramuka (Osfot) 0000000035,50', '50', 'Belum Selesai'),
(693, 'T0000035', 30, 16, 'Gucialit 01,99999,Merah Putih (Osfot) 0000000035,50', '3', 'Belum Selesai'),
(694, 'T0000035', 31, 16, 'Gucialit 01,99999,Busana / Batik (Cemara) 0000000035,50', '3', 'Belum Selesai'),
(695, 'T0000035', 32, 16, 'Gucialit 01,99999,Olahraga (TC) 0000000035,50', '3', 'Belum Selesai'),
(696, 'T0000035', 36, 16, 'Gucialit 01,99999,Pramuka (Osfot) 0000000035,50', '3', 'Belum Selesai'),
(697, 'T0000035', 30, 17, 'Gucialit 01,99999,Merah Putih (Osfot) 0000000035,50', '9', 'Belum Selesai'),
(698, 'T0000035', 31, 17, 'Gucialit 01,99999,Busana / Batik (Cemara) 0000000035,50', '3', 'Belum Selesai'),
(699, 'T0000035', 32, 17, 'Gucialit 01,99999,Olahraga (TC) 0000000035,50', '1', 'Belum Selesai'),
(700, 'T0000035', 36, 17, 'Gucialit 01,99999,Pramuka (Osfot) 0000000035,50', '1', 'Belum Selesai'),
(701, 'T0000036', 29, 5, 'Gucialit 02,99999,Merah Putih (Famatex) 0000000036,25', '1', 'Belum Selesai'),
(702, 'T0000036', 31, 5, 'Gucialit 02,99999,Busana / Batik (Cemara) 0000000036,25', '5', 'Belum Selesai'),
(703, 'T0000036', 32, 5, 'Gucialit 02,99999,Olahraga (TC) 0000000036,25', '1', 'Belum Selesai'),
(704, 'T0000036', 35, 5, 'Gucialit 02,99999,Pramuka (Famatex) 0000000036,25', '3', 'Belum Selesai'),
(705, 'T0000036', 29, 6, 'Gucialit 02,99999,Merah Putih (Famatex) 0000000036,25', '400000', 'Belum Selesai'),
(706, 'T0000036', 31, 6, 'Gucialit 02,99999,Busana / Batik (Cemara) 0000000036,25', '400000', 'Belum Selesai'),
(707, 'T0000036', 32, 6, 'Gucialit 02,99999,Olahraga (TC) 0000000036,25', '400000', 'Belum Selesai'),
(708, 'T0000036', 35, 6, 'Gucialit 02,99999,Pramuka (Famatex) 0000000036,25', '400000', 'Belum Selesai'),
(709, 'T0000036', 29, 7, 'Gucialit 02,99999,Merah Putih (Famatex) 0000000036,25', '25', 'Belum Selesai'),
(710, 'T0000036', 31, 7, 'Gucialit 02,99999,Busana / Batik (Cemara) 0000000036,25', '25', 'Belum Selesai'),
(711, 'T0000036', 32, 7, 'Gucialit 02,99999,Olahraga (TC) 0000000036,25', '25', 'Belum Selesai'),
(712, 'T0000036', 35, 7, 'Gucialit 02,99999,Pramuka (Famatex) 0000000036,25', '25', 'Belum Selesai'),
(713, 'T0000036', 29, 16, 'Gucialit 02,99999,Merah Putih (Famatex) 0000000036,25', '1', 'Belum Selesai'),
(714, 'T0000036', 31, 16, 'Gucialit 02,99999,Busana / Batik (Cemara) 0000000036,25', '1', 'Belum Selesai'),
(715, 'T0000036', 32, 16, 'Gucialit 02,99999,Olahraga (TC) 0000000036,25', '1', 'Belum Selesai'),
(716, 'T0000036', 35, 16, 'Gucialit 02,99999,Pramuka (Famatex) 0000000036,25', '1', 'Belum Selesai'),
(717, 'T0000036', 29, 17, 'Gucialit 02,99999,Merah Putih (Famatex) 0000000036,25', '5', 'Belum Selesai'),
(718, 'T0000036', 31, 17, 'Gucialit 02,99999,Busana / Batik (Cemara) 0000000036,25', '1', 'Belum Selesai'),
(719, 'T0000036', 32, 17, 'Gucialit 02,99999,Olahraga (TC) 0000000036,25', '9', 'Belum Selesai'),
(720, 'T0000036', 35, 17, 'Gucialit 02,99999,Pramuka (Famatex) 0000000036,25', '1', 'Belum Selesai'),
(721, 'T0000037', 29, 5, 'Gucialit 03,99999,Merah Putih (Famatex) 0000000037,25', '1', 'Belum Selesai'),
(722, 'T0000037', 31, 5, 'Gucialit 03,99999,Busana / Batik (Cemara) 0000000037,25', '9', 'Belum Selesai'),
(723, 'T0000037', 32, 5, 'Gucialit 03,99999,Olahraga (TC) 0000000037,25', '7', 'Belum Selesai'),
(724, 'T0000037', 35, 5, 'Gucialit 03,99999,Pramuka (Famatex) 0000000037,25', '9', 'Belum Selesai'),
(725, 'T0000037', 29, 6, 'Gucialit 03,99999,Merah Putih (Famatex) 0000000037,25', '300000', 'Belum Selesai'),
(726, 'T0000037', 31, 6, 'Gucialit 03,99999,Busana / Batik (Cemara) 0000000037,25', '300000', 'Belum Selesai'),
(727, 'T0000037', 32, 6, 'Gucialit 03,99999,Olahraga (TC) 0000000037,25', '300000', 'Belum Selesai'),
(728, 'T0000037', 35, 6, 'Gucialit 03,99999,Pramuka (Famatex) 0000000037,25', '300000', 'Belum Selesai'),
(729, 'T0000037', 29, 7, 'Gucialit 03,99999,Merah Putih (Famatex) 0000000037,25', '25', 'Belum Selesai'),
(730, 'T0000037', 31, 7, 'Gucialit 03,99999,Busana / Batik (Cemara) 0000000037,25', '25', 'Belum Selesai'),
(731, 'T0000037', 32, 7, 'Gucialit 03,99999,Olahraga (TC) 0000000037,25', '25', 'Belum Selesai'),
(732, 'T0000037', 35, 7, 'Gucialit 03,99999,Pramuka (Famatex) 0000000037,25', '25', 'Belum Selesai'),
(733, 'T0000037', 29, 16, 'Gucialit 03,99999,Merah Putih (Famatex) 0000000037,25', '7', 'Belum Selesai'),
(734, 'T0000037', 31, 16, 'Gucialit 03,99999,Busana / Batik (Cemara) 0000000037,25', '7', 'Belum Selesai'),
(735, 'T0000037', 32, 16, 'Gucialit 03,99999,Olahraga (TC) 0000000037,25', '7', 'Belum Selesai'),
(736, 'T0000037', 35, 16, 'Gucialit 03,99999,Pramuka (Famatex) 0000000037,25', '7', 'Belum Selesai'),
(737, 'T0000037', 29, 17, 'Gucialit 03,99999,Merah Putih (Famatex) 0000000037,25', '5', 'Belum Selesai'),
(738, 'T0000037', 31, 17, 'Gucialit 03,99999,Busana / Batik (Cemara) 0000000037,25', '5', 'Belum Selesai'),
(739, 'T0000037', 32, 17, 'Gucialit 03,99999,Olahraga (TC) 0000000037,25', '1', 'Belum Selesai'),
(740, 'T0000037', 35, 17, 'Gucialit 03,99999,Pramuka (Famatex) 0000000037,25', '7', 'Belum Selesai'),
(741, 'T0000038', 30, 5, 'Dawuhan 01,99999,Merah Putih (Osfot) 0000000038,56', '3', 'Belum Selesai'),
(742, 'T0000038', 31, 5, 'Dawuhan 01,99999,Busana / Batik (Cemara) 0000000038,56', '7', 'Belum Selesai'),
(743, 'T0000038', 32, 5, 'Dawuhan 01,99999,Olahraga (TC) 0000000038,56', '5', 'Belum Selesai'),
(744, 'T0000038', 36, 5, 'Dawuhan 01,99999,Pramuka (Osfot) 0000000038,56', '7', 'Belum Selesai'),
(745, 'T0000038', 30, 6, 'Dawuhan 01,99999,Merah Putih (Osfot) 0000000038,56', '2000000', 'Belum Selesai'),
(746, 'T0000038', 31, 6, 'Dawuhan 01,99999,Busana / Batik (Cemara) 0000000038,56', '2000000', 'Belum Selesai'),
(747, 'T0000038', 32, 6, 'Dawuhan 01,99999,Olahraga (TC) 0000000038,56', '2000000', 'Belum Selesai'),
(748, 'T0000038', 36, 6, 'Dawuhan 01,99999,Pramuka (Osfot) 0000000038,56', '2000000', 'Belum Selesai'),
(749, 'T0000038', 30, 7, 'Dawuhan 01,99999,Merah Putih (Osfot) 0000000038,56', '56', 'Belum Selesai'),
(750, 'T0000038', 31, 7, 'Dawuhan 01,99999,Busana / Batik (Cemara) 0000000038,56', '56', 'Belum Selesai'),
(751, 'T0000038', 32, 7, 'Dawuhan 01,99999,Olahraga (TC) 0000000038,56', '56', 'Belum Selesai'),
(752, 'T0000038', 36, 7, 'Dawuhan 01,99999,Pramuka (Osfot) 0000000038,56', '56', 'Belum Selesai'),
(753, 'T0000038', 30, 16, 'Dawuhan 01,99999,Merah Putih (Osfot) 0000000038,56', '5', 'Belum Selesai'),
(754, 'T0000038', 31, 16, 'Dawuhan 01,99999,Busana / Batik (Cemara) 0000000038,56', '5', 'Belum Selesai'),
(755, 'T0000038', 32, 16, 'Dawuhan 01,99999,Olahraga (TC) 0000000038,56', '5', 'Belum Selesai'),
(756, 'T0000038', 36, 16, 'Dawuhan 01,99999,Pramuka (Osfot) 0000000038,56', '5', 'Belum Selesai'),
(757, 'T0000038', 30, 17, 'Dawuhan 01,99999,Merah Putih (Osfot) 0000000038,56', '9', 'Belum Selesai'),
(758, 'T0000038', 31, 17, 'Dawuhan 01,99999,Busana / Batik (Cemara) 0000000038,56', '3', 'Belum Selesai'),
(759, 'T0000038', 32, 17, 'Dawuhan 01,99999,Olahraga (TC) 0000000038,56', '3', 'Belum Selesai'),
(760, 'T0000038', 36, 17, 'Dawuhan 01,99999,Pramuka (Osfot) 0000000038,56', '3', 'Belum Selesai'),
(761, 'T0000039', 28, 5, 'Dawuhan 02,99999,Merah Putih (Dril) 0000000039,28', '1', 'Belum Selesai'),
(762, 'T0000039', 31, 5, 'Dawuhan 02,99999,Busana / Batik (Cemara) 0000000039,28', '5', 'Belum Selesai'),
(763, 'T0000039', 33, 5, 'Dawuhan 02,99999,Olahraga (Katun) 0000000039,28', '7', 'Belum Selesai'),
(764, 'T0000039', 34, 5, 'Dawuhan 02,99999,Pramuka (Dril) 0000000039,28', '1', 'Belum Selesai'),
(765, 'T0000039', 28, 6, 'Dawuhan 02,99999,Merah Putih (Dril) 0000000039,28', '1000000', 'Belum Selesai'),
(766, 'T0000039', 31, 6, 'Dawuhan 02,99999,Busana / Batik (Cemara) 0000000039,28', '1000000', 'Belum Selesai'),
(767, 'T0000039', 33, 6, 'Dawuhan 02,99999,Olahraga (Katun) 0000000039,28', '1000000', 'Belum Selesai'),
(768, 'T0000039', 34, 6, 'Dawuhan 02,99999,Pramuka (Dril) 0000000039,28', '1000000', 'Belum Selesai'),
(769, 'T0000039', 28, 7, 'Dawuhan 02,99999,Merah Putih (Dril) 0000000039,28', '28', 'Belum Selesai'),
(770, 'T0000039', 31, 7, 'Dawuhan 02,99999,Busana / Batik (Cemara) 0000000039,28', '28', 'Belum Selesai'),
(771, 'T0000039', 33, 7, 'Dawuhan 02,99999,Olahraga (Katun) 0000000039,28', '28', 'Belum Selesai'),
(772, 'T0000039', 34, 7, 'Dawuhan 02,99999,Pramuka (Dril) 0000000039,28', '28', 'Belum Selesai'),
(773, 'T0000039', 28, 16, 'Dawuhan 02,99999,Merah Putih (Dril) 0000000039,28', '7', 'Belum Selesai'),
(774, 'T0000039', 31, 16, 'Dawuhan 02,99999,Busana / Batik (Cemara) 0000000039,28', '7', 'Belum Selesai'),
(775, 'T0000039', 33, 16, 'Dawuhan 02,99999,Olahraga (Katun) 0000000039,28', '7', 'Belum Selesai'),
(776, 'T0000039', 34, 16, 'Dawuhan 02,99999,Pramuka (Dril) 0000000039,28', '7', 'Belum Selesai'),
(777, 'T0000039', 28, 17, 'Dawuhan 02,99999,Merah Putih (Dril) 0000000039,28', '3', 'Belum Selesai'),
(778, 'T0000039', 31, 17, 'Dawuhan 02,99999,Busana / Batik (Cemara) 0000000039,28', '9', 'Belum Selesai'),
(779, 'T0000039', 33, 17, 'Dawuhan 02,99999,Olahraga (Katun) 0000000039,28', '9', 'Belum Selesai'),
(780, 'T0000039', 34, 17, 'Dawuhan 02,99999,Pramuka (Dril) 0000000039,28', '7', 'Belum Selesai'),
(781, 'T0000040', 29, 5, 'Dawuhan 03,99999,Merah Putih (Famatex) 0000000040,28', '9', 'Belum Selesai'),
(782, 'T0000040', 31, 5, 'Dawuhan 03,99999,Busana / Batik (Cemara) 0000000040,28', '1', 'Belum Selesai'),
(783, 'T0000040', 33, 5, 'Dawuhan 03,99999,Olahraga (Katun) 0000000040,28', '7', 'Belum Selesai'),
(784, 'T0000040', 35, 5, 'Dawuhan 03,99999,Pramuka (Famatex) 0000000040,28', '3', 'Belum Selesai'),
(785, 'T0000040', 29, 6, 'Dawuhan 03,99999,Merah Putih (Famatex) 0000000040,28', '1200000', 'Belum Selesai'),
(786, 'T0000040', 31, 6, 'Dawuhan 03,99999,Busana / Batik (Cemara) 0000000040,28', '1200000', 'Belum Selesai'),
(787, 'T0000040', 33, 6, 'Dawuhan 03,99999,Olahraga (Katun) 0000000040,28', '1200000', 'Belum Selesai'),
(788, 'T0000040', 35, 6, 'Dawuhan 03,99999,Pramuka (Famatex) 0000000040,28', '1200000', 'Belum Selesai'),
(789, 'T0000040', 29, 7, 'Dawuhan 03,99999,Merah Putih (Famatex) 0000000040,28', '28', 'Belum Selesai'),
(790, 'T0000040', 31, 7, 'Dawuhan 03,99999,Busana / Batik (Cemara) 0000000040,28', '28', 'Belum Selesai'),
(791, 'T0000040', 33, 7, 'Dawuhan 03,99999,Olahraga (Katun) 0000000040,28', '28', 'Belum Selesai'),
(792, 'T0000040', 35, 7, 'Dawuhan 03,99999,Pramuka (Famatex) 0000000040,28', '28', 'Belum Selesai'),
(793, 'T0000040', 29, 16, 'Dawuhan 03,99999,Merah Putih (Famatex) 0000000040,28', '5', 'Belum Selesai'),
(794, 'T0000040', 31, 16, 'Dawuhan 03,99999,Busana / Batik (Cemara) 0000000040,28', '5', 'Belum Selesai'),
(795, 'T0000040', 33, 16, 'Dawuhan 03,99999,Olahraga (Katun) 0000000040,28', '5', 'Belum Selesai'),
(796, 'T0000040', 35, 16, 'Dawuhan 03,99999,Pramuka (Famatex) 0000000040,28', '5', 'Belum Selesai'),
(797, 'T0000040', 29, 17, 'Dawuhan 03,99999,Merah Putih (Famatex) 0000000040,28', '9', 'Belum Selesai'),
(798, 'T0000040', 31, 17, 'Dawuhan 03,99999,Busana / Batik (Cemara) 0000000040,28', '3', 'Belum Selesai'),
(799, 'T0000040', 33, 17, 'Dawuhan 03,99999,Olahraga (Katun) 0000000040,28', '5', 'Belum Selesai'),
(800, 'T0000040', 35, 17, 'Dawuhan 03,99999,Pramuka (Famatex) 0000000040,28', '7', 'Belum Selesai'),
(801, 'T0000041', 29, 5, 'Duren 01,99999,Merah Putih (Famatex) 0000000041,25', '9', 'Belum Selesai'),
(802, 'T0000041', 31, 5, 'Duren 01,99999,Busana / Batik (Cemara) 0000000041,25', '5', 'Belum Selesai'),
(803, 'T0000041', 33, 5, 'Duren 01,99999,Olahraga (Katun) 0000000041,25', '9', 'Belum Selesai'),
(804, 'T0000041', 35, 5, 'Duren 01,99999,Pramuka (Famatex) 0000000041,25', '3', 'Belum Selesai'),
(805, 'T0000041', 29, 6, 'Duren 01,99999,Merah Putih (Famatex) 0000000041,25', '500000', 'Belum Selesai'),
(806, 'T0000041', 31, 6, 'Duren 01,99999,Busana / Batik (Cemara) 0000000041,25', '500000', 'Belum Selesai'),
(807, 'T0000041', 33, 6, 'Duren 01,99999,Olahraga (Katun) 0000000041,25', '500000', 'Belum Selesai'),
(808, 'T0000041', 35, 6, 'Duren 01,99999,Pramuka (Famatex) 0000000041,25', '500000', 'Belum Selesai'),
(809, 'T0000041', 29, 7, 'Duren 01,99999,Merah Putih (Famatex) 0000000041,25', '25', 'Belum Selesai'),
(810, 'T0000041', 31, 7, 'Duren 01,99999,Busana / Batik (Cemara) 0000000041,25', '25', 'Belum Selesai'),
(811, 'T0000041', 33, 7, 'Duren 01,99999,Olahraga (Katun) 0000000041,25', '25', 'Belum Selesai'),
(812, 'T0000041', 35, 7, 'Duren 01,99999,Pramuka (Famatex) 0000000041,25', '25', 'Belum Selesai'),
(813, 'T0000041', 29, 16, 'Duren 01,99999,Merah Putih (Famatex) 0000000041,25', '1', 'Belum Selesai'),
(814, 'T0000041', 31, 16, 'Duren 01,99999,Busana / Batik (Cemara) 0000000041,25', '1', 'Belum Selesai'),
(815, 'T0000041', 33, 16, 'Duren 01,99999,Olahraga (Katun) 0000000041,25', '1', 'Belum Selesai'),
(816, 'T0000041', 35, 16, 'Duren 01,99999,Pramuka (Famatex) 0000000041,25', '1', 'Belum Selesai'),
(817, 'T0000041', 29, 17, 'Duren 01,99999,Merah Putih (Famatex) 0000000041,25', '5', 'Belum Selesai'),
(818, 'T0000041', 31, 17, 'Duren 01,99999,Busana / Batik (Cemara) 0000000041,25', '3', 'Belum Selesai'),
(819, 'T0000041', 33, 17, 'Duren 01,99999,Olahraga (Katun) 0000000041,25', '3', 'Belum Selesai'),
(820, 'T0000041', 35, 17, 'Duren 01,99999,Pramuka (Famatex) 0000000041,25', '7', 'Belum Selesai'),
(821, 'T0000042', 30, 5, 'Tanggung 01,99999,Merah Putih (Osfot) 0000000042,28', '5', 'Belum Selesai'),
(822, 'T0000042', 31, 5, 'Tanggung 01,99999,Busana / Batik (Cemara) 0000000042,28', '7', 'Belum Selesai'),
(823, 'T0000042', 32, 5, 'Tanggung 01,99999,Olahraga (TC) 0000000042,28', '3', 'Belum Selesai'),
(824, 'T0000042', 36, 5, 'Tanggung 01,99999,Pramuka (Osfot) 0000000042,28', '1', 'Belum Selesai'),
(825, 'T0000042', 30, 6, 'Tanggung 01,99999,Merah Putih (Osfot) 0000000042,28', '1000000', 'Belum Selesai'),
(826, 'T0000042', 31, 6, 'Tanggung 01,99999,Busana / Batik (Cemara) 0000000042,28', '1000000', 'Belum Selesai'),
(827, 'T0000042', 32, 6, 'Tanggung 01,99999,Olahraga (TC) 0000000042,28', '1000000', 'Belum Selesai'),
(828, 'T0000042', 36, 6, 'Tanggung 01,99999,Pramuka (Osfot) 0000000042,28', '1000000', 'Belum Selesai'),
(829, 'T0000042', 30, 7, 'Tanggung 01,99999,Merah Putih (Osfot) 0000000042,28', '28', 'Belum Selesai'),
(830, 'T0000042', 31, 7, 'Tanggung 01,99999,Busana / Batik (Cemara) 0000000042,28', '28', 'Belum Selesai'),
(831, 'T0000042', 32, 7, 'Tanggung 01,99999,Olahraga (TC) 0000000042,28', '28', 'Belum Selesai'),
(832, 'T0000042', 36, 7, 'Tanggung 01,99999,Pramuka (Osfot) 0000000042,28', '28', 'Belum Selesai'),
(833, 'T0000042', 30, 16, 'Tanggung 01,99999,Merah Putih (Osfot) 0000000042,28', '1', 'Belum Selesai'),
(834, 'T0000042', 31, 16, 'Tanggung 01,99999,Busana / Batik (Cemara) 0000000042,28', '1', 'Belum Selesai'),
(835, 'T0000042', 32, 16, 'Tanggung 01,99999,Olahraga (TC) 0000000042,28', '1', 'Belum Selesai'),
(836, 'T0000042', 36, 16, 'Tanggung 01,99999,Pramuka (Osfot) 0000000042,28', '1', 'Belum Selesai'),
(837, 'T0000042', 30, 17, 'Tanggung 01,99999,Merah Putih (Osfot) 0000000042,28', '3', 'Belum Selesai'),
(838, 'T0000042', 31, 17, 'Tanggung 01,99999,Busana / Batik (Cemara) 0000000042,28', '7', 'Belum Selesai'),
(839, 'T0000042', 32, 17, 'Tanggung 01,99999,Olahraga (TC) 0000000042,28', '5', 'Belum Selesai'),
(840, 'T0000042', 36, 17, 'Tanggung 01,99999,Pramuka (Osfot) 0000000042,28', '9', 'Belum Selesai'),
(841, 'T0000043', 29, 5, 'Tanggung 02,99999,Merah Putih (Famatex) 0000000043,28', '1', 'Belum Selesai'),
(842, 'T0000043', 31, 5, 'Tanggung 02,99999,Busana / Batik (Cemara) 0000000043,28', '5', 'Belum Selesai'),
(843, 'T0000043', 32, 5, 'Tanggung 02,99999,Olahraga (TC) 0000000043,28', '7', 'Belum Selesai'),
(844, 'T0000043', 35, 5, 'Tanggung 02,99999,Pramuka (Famatex) 0000000043,28', '3', 'Belum Selesai'),
(845, 'T0000043', 29, 6, 'Tanggung 02,99999,Merah Putih (Famatex) 0000000043,28', '1500000', 'Belum Selesai'),
(846, 'T0000043', 31, 6, 'Tanggung 02,99999,Busana / Batik (Cemara) 0000000043,28', '1500000', 'Belum Selesai'),
(847, 'T0000043', 32, 6, 'Tanggung 02,99999,Olahraga (TC) 0000000043,28', '1500000', 'Belum Selesai'),
(848, 'T0000043', 35, 6, 'Tanggung 02,99999,Pramuka (Famatex) 0000000043,28', '1500000', 'Belum Selesai'),
(849, 'T0000043', 29, 7, 'Tanggung 02,99999,Merah Putih (Famatex) 0000000043,28', '28', 'Belum Selesai'),
(850, 'T0000043', 31, 7, 'Tanggung 02,99999,Busana / Batik (Cemara) 0000000043,28', '28', 'Belum Selesai'),
(851, 'T0000043', 32, 7, 'Tanggung 02,99999,Olahraga (TC) 0000000043,28', '28', 'Belum Selesai'),
(852, 'T0000043', 35, 7, 'Tanggung 02,99999,Pramuka (Famatex) 0000000043,28', '28', 'Belum Selesai'),
(853, 'T0000043', 29, 16, 'Tanggung 02,99999,Merah Putih (Famatex) 0000000043,28', '5', 'Belum Selesai'),
(854, 'T0000043', 31, 16, 'Tanggung 02,99999,Busana / Batik (Cemara) 0000000043,28', '5', 'Belum Selesai'),
(855, 'T0000043', 32, 16, 'Tanggung 02,99999,Olahraga (TC) 0000000043,28', '5', 'Belum Selesai'),
(856, 'T0000043', 35, 16, 'Tanggung 02,99999,Pramuka (Famatex) 0000000043,28', '5', 'Belum Selesai'),
(857, 'T0000043', 29, 17, 'Tanggung 02,99999,Merah Putih (Famatex) 0000000043,28', '3', 'Belum Selesai'),
(858, 'T0000043', 31, 17, 'Tanggung 02,99999,Busana / Batik (Cemara) 0000000043,28', '1', 'Belum Selesai'),
(859, 'T0000043', 32, 17, 'Tanggung 02,99999,Olahraga (TC) 0000000043,28', '5', 'Belum Selesai'),
(860, 'T0000043', 35, 17, 'Tanggung 02,99999,Pramuka (Famatex) 0000000043,28', '5', 'Belum Selesai'),
(861, 'T0000044', 28, 5, 'Tempursari 01,99999,Merah Putih (Dril) 0000000044,28', '1', 'Belum Selesai'),
(862, 'T0000044', 31, 5, 'Tempursari 01,99999,Busana / Batik (Cemara) 0000000044,28', '1', 'Belum Selesai'),
(863, 'T0000044', 32, 5, 'Tempursari 01,99999,Olahraga (TC) 0000000044,28', '3', 'Belum Selesai'),
(864, 'T0000044', 34, 5, 'Tempursari 01,99999,Pramuka (Dril) 0000000044,28', '7', 'Belum Selesai'),
(865, 'T0000044', 28, 6, 'Tempursari 01,99999,Merah Putih (Dril) 0000000044,28', '1000000', 'Belum Selesai'),
(866, 'T0000044', 31, 6, 'Tempursari 01,99999,Busana / Batik (Cemara) 0000000044,28', '1000000', 'Belum Selesai'),
(867, 'T0000044', 32, 6, 'Tempursari 01,99999,Olahraga (TC) 0000000044,28', '1000000', 'Belum Selesai'),
(868, 'T0000044', 34, 6, 'Tempursari 01,99999,Pramuka (Dril) 0000000044,28', '1000000', 'Belum Selesai'),
(869, 'T0000044', 28, 7, 'Tempursari 01,99999,Merah Putih (Dril) 0000000044,28', '28', 'Belum Selesai'),
(870, 'T0000044', 31, 7, 'Tempursari 01,99999,Busana / Batik (Cemara) 0000000044,28', '28', 'Belum Selesai'),
(871, 'T0000044', 32, 7, 'Tempursari 01,99999,Olahraga (TC) 0000000044,28', '28', 'Belum Selesai'),
(872, 'T0000044', 34, 7, 'Tempursari 01,99999,Pramuka (Dril) 0000000044,28', '28', 'Belum Selesai'),
(873, 'T0000044', 28, 16, 'Tempursari 01,99999,Merah Putih (Dril) 0000000044,28', '3', 'Belum Selesai'),
(874, 'T0000044', 31, 16, 'Tempursari 01,99999,Busana / Batik (Cemara) 0000000044,28', '3', 'Belum Selesai'),
(875, 'T0000044', 32, 16, 'Tempursari 01,99999,Olahraga (TC) 0000000044,28', '3', 'Belum Selesai'),
(876, 'T0000044', 34, 16, 'Tempursari 01,99999,Pramuka (Dril) 0000000044,28', '3', 'Belum Selesai'),
(877, 'T0000044', 28, 17, 'Tempursari 01,99999,Merah Putih (Dril) 0000000044,28', '9', 'Belum Selesai'),
(878, 'T0000044', 31, 17, 'Tempursari 01,99999,Busana / Batik (Cemara) 0000000044,28', '1', 'Belum Selesai'),
(879, 'T0000044', 32, 17, 'Tempursari 01,99999,Olahraga (TC) 0000000044,28', '5', 'Belum Selesai'),
(880, 'T0000044', 34, 17, 'Tempursari 01,99999,Pramuka (Dril) 0000000044,28', '9', 'Belum Selesai'),
(881, 'T0000045', 28, 5, 'Umbul 02,99999,Merah Putih (Dril) 0000000045,28', '9', 'Belum Selesai'),
(882, 'T0000045', 31, 5, 'Umbul 02,99999,Busana / Batik (Cemara) 0000000045,28', '1', 'Belum Selesai'),
(883, 'T0000045', 32, 5, 'Umbul 02,99999,Olahraga (TC) 0000000045,28', '1', 'Belum Selesai'),
(884, 'T0000045', 34, 5, 'Umbul 02,99999,Pramuka (Dril) 0000000045,28', '7', 'Belum Selesai'),
(885, 'T0000045', 28, 6, 'Umbul 02,99999,Merah Putih (Dril) 0000000045,28', '1200000', 'Belum Selesai'),
(886, 'T0000045', 31, 6, 'Umbul 02,99999,Busana / Batik (Cemara) 0000000045,28', '1200000', 'Belum Selesai'),
(887, 'T0000045', 32, 6, 'Umbul 02,99999,Olahraga (TC) 0000000045,28', '1200000', 'Belum Selesai'),
(888, 'T0000045', 34, 6, 'Umbul 02,99999,Pramuka (Dril) 0000000045,28', '1200000', 'Belum Selesai'),
(889, 'T0000045', 28, 7, 'Umbul 02,99999,Merah Putih (Dril) 0000000045,28', '28', 'Belum Selesai'),
(890, 'T0000045', 31, 7, 'Umbul 02,99999,Busana / Batik (Cemara) 0000000045,28', '28', 'Belum Selesai'),
(891, 'T0000045', 32, 7, 'Umbul 02,99999,Olahraga (TC) 0000000045,28', '28', 'Belum Selesai'),
(892, 'T0000045', 34, 7, 'Umbul 02,99999,Pramuka (Dril) 0000000045,28', '28', 'Belum Selesai'),
(893, 'T0000045', 28, 16, 'Umbul 02,99999,Merah Putih (Dril) 0000000045,28', '7', 'Belum Selesai'),
(894, 'T0000045', 31, 16, 'Umbul 02,99999,Busana / Batik (Cemara) 0000000045,28', '7', 'Belum Selesai'),
(895, 'T0000045', 32, 16, 'Umbul 02,99999,Olahraga (TC) 0000000045,28', '7', 'Belum Selesai'),
(896, 'T0000045', 34, 16, 'Umbul 02,99999,Pramuka (Dril) 0000000045,28', '7', 'Belum Selesai'),
(897, 'T0000045', 28, 17, 'Umbul 02,99999,Merah Putih (Dril) 0000000045,28', '7', 'Belum Selesai'),
(898, 'T0000045', 31, 17, 'Umbul 02,99999,Busana / Batik (Cemara) 0000000045,28', '7', 'Belum Selesai'),
(899, 'T0000045', 32, 17, 'Umbul 02,99999,Olahraga (TC) 0000000045,28', '3', 'Belum Selesai'),
(900, 'T0000045', 34, 17, 'Umbul 02,99999,Pramuka (Dril) 0000000045,28', '3', 'Belum Selesai'),
(901, 'T0000046', 28, 5, 'Klakah 01,99999,Merah Putih (Dril) 0000000046,56', '1', 'Belum Selesai'),
(902, 'T0000046', 31, 5, 'Klakah 01,99999,Busana / Batik (Cemara) 0000000046,56', '7', 'Belum Selesai'),
(903, 'T0000046', 32, 5, 'Klakah 01,99999,Olahraga (TC) 0000000046,56', '3', 'Belum Selesai'),
(904, 'T0000046', 34, 5, 'Klakah 01,99999,Pramuka (Dril) 0000000046,56', '3', 'Belum Selesai'),
(905, 'T0000046', 28, 6, 'Klakah 01,99999,Merah Putih (Dril) 0000000046,56', '2500000', 'Belum Selesai'),
(906, 'T0000046', 31, 6, 'Klakah 01,99999,Busana / Batik (Cemara) 0000000046,56', '2500000', 'Belum Selesai'),
(907, 'T0000046', 32, 6, 'Klakah 01,99999,Olahraga (TC) 0000000046,56', '2500000', 'Belum Selesai'),
(908, 'T0000046', 34, 6, 'Klakah 01,99999,Pramuka (Dril) 0000000046,56', '2500000', 'Belum Selesai'),
(909, 'T0000046', 28, 7, 'Klakah 01,99999,Merah Putih (Dril) 0000000046,56', '56', 'Belum Selesai'),
(910, 'T0000046', 31, 7, 'Klakah 01,99999,Busana / Batik (Cemara) 0000000046,56', '56', 'Belum Selesai'),
(911, 'T0000046', 32, 7, 'Klakah 01,99999,Olahraga (TC) 0000000046,56', '56', 'Belum Selesai'),
(912, 'T0000046', 34, 7, 'Klakah 01,99999,Pramuka (Dril) 0000000046,56', '56', 'Belum Selesai'),
(913, 'T0000046', 28, 16, 'Klakah 01,99999,Merah Putih (Dril) 0000000046,56', '3', 'Belum Selesai'),
(914, 'T0000046', 31, 16, 'Klakah 01,99999,Busana / Batik (Cemara) 0000000046,56', '3', 'Belum Selesai'),
(915, 'T0000046', 32, 16, 'Klakah 01,99999,Olahraga (TC) 0000000046,56', '3', 'Belum Selesai'),
(916, 'T0000046', 34, 16, 'Klakah 01,99999,Pramuka (Dril) 0000000046,56', '3', 'Belum Selesai'),
(917, 'T0000046', 28, 17, 'Klakah 01,99999,Merah Putih (Dril) 0000000046,56', '7', 'Belum Selesai'),
(918, 'T0000046', 31, 17, 'Klakah 01,99999,Busana / Batik (Cemara) 0000000046,56', '5', 'Belum Selesai'),
(919, 'T0000046', 32, 17, 'Klakah 01,99999,Olahraga (TC) 0000000046,56', '9', 'Belum Selesai'),
(920, 'T0000046', 34, 17, 'Klakah 01,99999,Pramuka (Dril) 0000000046,56', '3', 'Belum Selesai'),
(921, 'T0000047', 28, 5, 'Mlawang 01,99999,Merah Putih (Dril) 0000000047,56', '3', 'Belum Selesai'),
(922, 'T0000047', 31, 5, 'Mlawang 01,99999,Busana / Batik (Cemara) 0000000047,56', '1', 'Belum Selesai'),
(923, 'T0000047', 33, 5, 'Mlawang 01,99999,Olahraga (Katun) 0000000047,56', '3', 'Belum Selesai'),
(924, 'T0000047', 34, 5, 'Mlawang 01,99999,Pramuka (Dril) 0000000047,56', '3', 'Belum Selesai'),
(925, 'T0000047', 28, 6, 'Mlawang 01,99999,Merah Putih (Dril) 0000000047,56', '1500000', 'Belum Selesai'),
(926, 'T0000047', 31, 6, 'Mlawang 01,99999,Busana / Batik (Cemara) 0000000047,56', '1500000', 'Belum Selesai'),
(927, 'T0000047', 33, 6, 'Mlawang 01,99999,Olahraga (Katun) 0000000047,56', '1500000', 'Belum Selesai'),
(928, 'T0000047', 34, 6, 'Mlawang 01,99999,Pramuka (Dril) 0000000047,56', '1500000', 'Belum Selesai'),
(929, 'T0000047', 28, 7, 'Mlawang 01,99999,Merah Putih (Dril) 0000000047,56', '56', 'Belum Selesai'),
(930, 'T0000047', 31, 7, 'Mlawang 01,99999,Busana / Batik (Cemara) 0000000047,56', '56', 'Belum Selesai'),
(931, 'T0000047', 33, 7, 'Mlawang 01,99999,Olahraga (Katun) 0000000047,56', '56', 'Belum Selesai'),
(932, 'T0000047', 34, 7, 'Mlawang 01,99999,Pramuka (Dril) 0000000047,56', '56', 'Belum Selesai'),
(933, 'T0000047', 28, 16, 'Mlawang 01,99999,Merah Putih (Dril) 0000000047,56', '3', 'Belum Selesai'),
(934, 'T0000047', 31, 16, 'Mlawang 01,99999,Busana / Batik (Cemara) 0000000047,56', '3', 'Belum Selesai'),
(935, 'T0000047', 33, 16, 'Mlawang 01,99999,Olahraga (Katun) 0000000047,56', '3', 'Belum Selesai'),
(936, 'T0000047', 34, 16, 'Mlawang 01,99999,Pramuka (Dril) 0000000047,56', '3', 'Belum Selesai'),
(937, 'T0000047', 28, 17, 'Mlawang 01,99999,Merah Putih (Dril) 0000000047,56', '3', 'Belum Selesai'),
(938, 'T0000047', 31, 17, 'Mlawang 01,99999,Busana / Batik (Cemara) 0000000047,56', '7', 'Belum Selesai'),
(939, 'T0000047', 33, 17, 'Mlawang 01,99999,Olahraga (Katun) 0000000047,56', '3', 'Belum Selesai'),
(940, 'T0000047', 34, 17, 'Mlawang 01,99999,Pramuka (Dril) 0000000047,56', '1', 'Belum Selesai'),
(941, 'T0000048', 30, 5, 'Ranuyoso 01,99999,Merah Putih (Osfot) 0000000048,56', '9', 'Belum Selesai'),
(942, 'T0000048', 31, 5, 'Ranuyoso 01,99999,Busana / Batik (Cemara) 0000000048,56', '9', 'Belum Selesai'),
(943, 'T0000048', 33, 5, 'Ranuyoso 01,99999,Olahraga (Katun) 0000000048,56', '5', 'Belum Selesai'),
(944, 'T0000048', 36, 5, 'Ranuyoso 01,99999,Pramuka (Osfot) 0000000048,56', '7', 'Belum Selesai'),
(945, 'T0000048', 30, 6, 'Ranuyoso 01,99999,Merah Putih (Osfot) 0000000048,56', '1500000', 'Belum Selesai'),
(946, 'T0000048', 31, 6, 'Ranuyoso 01,99999,Busana / Batik (Cemara) 0000000048,56', '1500000', 'Belum Selesai'),
(947, 'T0000048', 33, 6, 'Ranuyoso 01,99999,Olahraga (Katun) 0000000048,56', '1500000', 'Belum Selesai'),
(948, 'T0000048', 36, 6, 'Ranuyoso 01,99999,Pramuka (Osfot) 0000000048,56', '1500000', 'Belum Selesai'),
(949, 'T0000048', 30, 7, 'Ranuyoso 01,99999,Merah Putih (Osfot) 0000000048,56', '56', 'Belum Selesai'),
(950, 'T0000048', 31, 7, 'Ranuyoso 01,99999,Busana / Batik (Cemara) 0000000048,56', '56', 'Belum Selesai'),
(951, 'T0000048', 33, 7, 'Ranuyoso 01,99999,Olahraga (Katun) 0000000048,56', '56', 'Belum Selesai'),
(952, 'T0000048', 36, 7, 'Ranuyoso 01,99999,Pramuka (Osfot) 0000000048,56', '56', 'Belum Selesai'),
(953, 'T0000048', 30, 16, 'Ranuyoso 01,99999,Merah Putih (Osfot) 0000000048,56', '9', 'Belum Selesai'),
(954, 'T0000048', 31, 16, 'Ranuyoso 01,99999,Busana / Batik (Cemara) 0000000048,56', '9', 'Belum Selesai'),
(955, 'T0000048', 33, 16, 'Ranuyoso 01,99999,Olahraga (Katun) 0000000048,56', '9', 'Belum Selesai'),
(956, 'T0000048', 36, 16, 'Ranuyoso 01,99999,Pramuka (Osfot) 0000000048,56', '9', 'Belum Selesai'),
(957, 'T0000048', 30, 17, 'Ranuyoso 01,99999,Merah Putih (Osfot) 0000000048,56', '7', 'Belum Selesai'),
(958, 'T0000048', 31, 17, 'Ranuyoso 01,99999,Busana / Batik (Cemara) 0000000048,56', '9', 'Belum Selesai'),
(959, 'T0000048', 33, 17, 'Ranuyoso 01,99999,Olahraga (Katun) 0000000048,56', '5', 'Belum Selesai'),
(960, 'T0000048', 36, 17, 'Ranuyoso 01,99999,Pramuka (Osfot) 0000000048,56', '1', 'Belum Selesai'),
(961, 'T0000049', 29, 5, 'Ditotrunan 01,99999,Merah Putih (Famatex) 0000000049,84', '3', 'Belum Selesai'),
(962, 'T0000049', 31, 5, 'Ditotrunan 01,99999,Busana / Batik (Cemara) 0000000049,84', '9', 'Belum Selesai'),
(963, 'T0000049', 33, 5, 'Ditotrunan 01,99999,Olahraga (Katun) 0000000049,84', '1', 'Belum Selesai'),
(964, 'T0000049', 35, 5, 'Ditotrunan 01,99999,Pramuka (Famatex) 0000000049,84', '5', 'Belum Selesai'),
(965, 'T0000049', 29, 6, 'Ditotrunan 01,99999,Merah Putih (Famatex) 0000000049,84', '2500000', 'Belum Selesai'),
(966, 'T0000049', 31, 6, 'Ditotrunan 01,99999,Busana / Batik (Cemara) 0000000049,84', '2500000', 'Belum Selesai'),
(967, 'T0000049', 33, 6, 'Ditotrunan 01,99999,Olahraga (Katun) 0000000049,84', '2500000', 'Belum Selesai'),
(968, 'T0000049', 35, 6, 'Ditotrunan 01,99999,Pramuka (Famatex) 0000000049,84', '2500000', 'Belum Selesai'),
(969, 'T0000049', 29, 7, 'Ditotrunan 01,99999,Merah Putih (Famatex) 0000000049,84', '84', 'Belum Selesai'),
(970, 'T0000049', 31, 7, 'Ditotrunan 01,99999,Busana / Batik (Cemara) 0000000049,84', '84', 'Belum Selesai'),
(971, 'T0000049', 33, 7, 'Ditotrunan 01,99999,Olahraga (Katun) 0000000049,84', '84', 'Belum Selesai'),
(972, 'T0000049', 35, 7, 'Ditotrunan 01,99999,Pramuka (Famatex) 0000000049,84', '84', 'Belum Selesai'),
(973, 'T0000049', 29, 16, 'Ditotrunan 01,99999,Merah Putih (Famatex) 0000000049,84', '9', 'Belum Selesai'),
(974, 'T0000049', 31, 16, 'Ditotrunan 01,99999,Busana / Batik (Cemara) 0000000049,84', '9', 'Belum Selesai'),
(975, 'T0000049', 33, 16, 'Ditotrunan 01,99999,Olahraga (Katun) 0000000049,84', '9', 'Belum Selesai'),
(976, 'T0000049', 35, 16, 'Ditotrunan 01,99999,Pramuka (Famatex) 0000000049,84', '9', 'Belum Selesai'),
(977, 'T0000049', 29, 17, 'Ditotrunan 01,99999,Merah Putih (Famatex) 0000000049,84', '7', 'Belum Selesai');
INSERT INTO `detail_transaksi` (`id_detail_transaksi`, `id_transaksi`, `id_barang`, `id_kriteria`, `nama_barang_detail`, `value_kriteria`, `status_pengerjaan`) VALUES
(978, 'T0000049', 31, 17, 'Ditotrunan 01,99999,Busana / Batik (Cemara) 0000000049,84', '7', 'Belum Selesai'),
(979, 'T0000049', 33, 17, 'Ditotrunan 01,99999,Olahraga (Katun) 0000000049,84', '5', 'Belum Selesai'),
(980, 'T0000049', 35, 17, 'Ditotrunan 01,99999,Pramuka (Famatex) 0000000049,84', '9', 'Belum Selesai'),
(981, 'T0000050', 28, 5, 'Jogotrunan 01,99999,Merah Putih (Dril) 0000000050,56', '9', 'Belum Selesai'),
(982, 'T0000050', 31, 5, 'Jogotrunan 01,99999,Busana / Batik (Cemara) 0000000050,56', '5', 'Belum Selesai'),
(983, 'T0000050', 33, 5, 'Jogotrunan 01,99999,Olahraga (Katun) 0000000050,56', '1', 'Belum Selesai'),
(984, 'T0000050', 34, 5, 'Jogotrunan 01,99999,Pramuka (Dril) 0000000050,56', '9', 'Belum Selesai'),
(985, 'T0000050', 28, 6, 'Jogotrunan 01,99999,Merah Putih (Dril) 0000000050,56', '2000000', 'Belum Selesai'),
(986, 'T0000050', 31, 6, 'Jogotrunan 01,99999,Busana / Batik (Cemara) 0000000050,56', '2000000', 'Belum Selesai'),
(987, 'T0000050', 33, 6, 'Jogotrunan 01,99999,Olahraga (Katun) 0000000050,56', '2000000', 'Belum Selesai'),
(988, 'T0000050', 34, 6, 'Jogotrunan 01,99999,Pramuka (Dril) 0000000050,56', '2000000', 'Belum Selesai'),
(989, 'T0000050', 28, 7, 'Jogotrunan 01,99999,Merah Putih (Dril) 0000000050,56', '56', 'Belum Selesai'),
(990, 'T0000050', 31, 7, 'Jogotrunan 01,99999,Busana / Batik (Cemara) 0000000050,56', '56', 'Belum Selesai'),
(991, 'T0000050', 33, 7, 'Jogotrunan 01,99999,Olahraga (Katun) 0000000050,56', '56', 'Belum Selesai'),
(992, 'T0000050', 34, 7, 'Jogotrunan 01,99999,Pramuka (Dril) 0000000050,56', '56', 'Belum Selesai'),
(993, 'T0000050', 28, 16, 'Jogotrunan 01,99999,Merah Putih (Dril) 0000000050,56', '7', 'Belum Selesai'),
(994, 'T0000050', 31, 16, 'Jogotrunan 01,99999,Busana / Batik (Cemara) 0000000050,56', '7', 'Belum Selesai'),
(995, 'T0000050', 33, 16, 'Jogotrunan 01,99999,Olahraga (Katun) 0000000050,56', '7', 'Belum Selesai'),
(996, 'T0000050', 34, 16, 'Jogotrunan 01,99999,Pramuka (Dril) 0000000050,56', '7', 'Belum Selesai'),
(997, 'T0000050', 28, 17, 'Jogotrunan 01,99999,Merah Putih (Dril) 0000000050,56', '9', 'Belum Selesai'),
(998, 'T0000050', 31, 17, 'Jogotrunan 01,99999,Busana / Batik (Cemara) 0000000050,56', '7', 'Belum Selesai'),
(999, 'T0000050', 33, 17, 'Jogotrunan 01,99999,Olahraga (Katun) 0000000050,56', '1', 'Belum Selesai'),
(1000, 'T0000050', 34, 17, 'Jogotrunan 01,99999,Pramuka (Dril) 0000000050,56', '7', 'Belum Selesai'),
(1001, 'T0000051', 28, 5, 'Citrodiwangsan 01,99999,Merah Putih (Dril) 0000000051,56', '1', 'Belum Selesai'),
(1002, 'T0000051', 31, 5, 'Citrodiwangsan 01,99999,Busana / Batik (Cemara) 0000000051,56', '1', 'Belum Selesai'),
(1003, 'T0000051', 32, 5, 'Citrodiwangsan 01,99999,Olahraga (TC) 0000000051,56', '9', 'Belum Selesai'),
(1004, 'T0000051', 34, 5, 'Citrodiwangsan 01,99999,Pramuka (Dril) 0000000051,56', '7', 'Belum Selesai'),
(1005, 'T0000051', 28, 6, 'Citrodiwangsan 01,99999,Merah Putih (Dril) 0000000051,56', '1500000', 'Belum Selesai'),
(1006, 'T0000051', 31, 6, 'Citrodiwangsan 01,99999,Busana / Batik (Cemara) 0000000051,56', '1500000', 'Belum Selesai'),
(1007, 'T0000051', 32, 6, 'Citrodiwangsan 01,99999,Olahraga (TC) 0000000051,56', '1500000', 'Belum Selesai'),
(1008, 'T0000051', 34, 6, 'Citrodiwangsan 01,99999,Pramuka (Dril) 0000000051,56', '1500000', 'Belum Selesai'),
(1009, 'T0000051', 28, 7, 'Citrodiwangsan 01,99999,Merah Putih (Dril) 0000000051,56', '56', 'Belum Selesai'),
(1010, 'T0000051', 31, 7, 'Citrodiwangsan 01,99999,Busana / Batik (Cemara) 0000000051,56', '56', 'Belum Selesai'),
(1011, 'T0000051', 32, 7, 'Citrodiwangsan 01,99999,Olahraga (TC) 0000000051,56', '56', 'Belum Selesai'),
(1012, 'T0000051', 34, 7, 'Citrodiwangsan 01,99999,Pramuka (Dril) 0000000051,56', '56', 'Belum Selesai'),
(1013, 'T0000051', 28, 16, 'Citrodiwangsan 01,99999,Merah Putih (Dril) 0000000051,56', '3', 'Belum Selesai'),
(1014, 'T0000051', 31, 16, 'Citrodiwangsan 01,99999,Busana / Batik (Cemara) 0000000051,56', '3', 'Belum Selesai'),
(1015, 'T0000051', 32, 16, 'Citrodiwangsan 01,99999,Olahraga (TC) 0000000051,56', '3', 'Belum Selesai'),
(1016, 'T0000051', 34, 16, 'Citrodiwangsan 01,99999,Pramuka (Dril) 0000000051,56', '3', 'Belum Selesai'),
(1017, 'T0000051', 28, 17, 'Citrodiwangsan 01,99999,Merah Putih (Dril) 0000000051,56', '5', 'Belum Selesai'),
(1018, 'T0000051', 31, 17, 'Citrodiwangsan 01,99999,Busana / Batik (Cemara) 0000000051,56', '9', 'Belum Selesai'),
(1019, 'T0000051', 32, 17, 'Citrodiwangsan 01,99999,Olahraga (TC) 0000000051,56', '3', 'Belum Selesai'),
(1020, 'T0000051', 34, 17, 'Citrodiwangsan 01,99999,Pramuka (Dril) 0000000051,56', '1', 'Belum Selesai'),
(1021, 'T0000052', 28, 5, 'Rogotrunan 01,99999,Merah Putih (Dril) 0000000052,28', '7', 'Belum Selesai'),
(1022, 'T0000052', 31, 5, 'Rogotrunan 01,99999,Busana / Batik (Cemara) 0000000052,28', '9', 'Belum Selesai'),
(1023, 'T0000052', 32, 5, 'Rogotrunan 01,99999,Olahraga (TC) 0000000052,28', '3', 'Belum Selesai'),
(1024, 'T0000052', 34, 5, 'Rogotrunan 01,99999,Pramuka (Dril) 0000000052,28', '5', 'Belum Selesai'),
(1025, 'T0000052', 28, 6, 'Rogotrunan 01,99999,Merah Putih (Dril) 0000000052,28', '500000', 'Belum Selesai'),
(1026, 'T0000052', 31, 6, 'Rogotrunan 01,99999,Busana / Batik (Cemara) 0000000052,28', '500000', 'Belum Selesai'),
(1027, 'T0000052', 32, 6, 'Rogotrunan 01,99999,Olahraga (TC) 0000000052,28', '500000', 'Belum Selesai'),
(1028, 'T0000052', 34, 6, 'Rogotrunan 01,99999,Pramuka (Dril) 0000000052,28', '500000', 'Belum Selesai'),
(1029, 'T0000052', 28, 7, 'Rogotrunan 01,99999,Merah Putih (Dril) 0000000052,28', '28', 'Belum Selesai'),
(1030, 'T0000052', 31, 7, 'Rogotrunan 01,99999,Busana / Batik (Cemara) 0000000052,28', '28', 'Belum Selesai'),
(1031, 'T0000052', 32, 7, 'Rogotrunan 01,99999,Olahraga (TC) 0000000052,28', '28', 'Belum Selesai'),
(1032, 'T0000052', 34, 7, 'Rogotrunan 01,99999,Pramuka (Dril) 0000000052,28', '28', 'Belum Selesai'),
(1033, 'T0000052', 28, 16, 'Rogotrunan 01,99999,Merah Putih (Dril) 0000000052,28', '9', 'Belum Selesai'),
(1034, 'T0000052', 31, 16, 'Rogotrunan 01,99999,Busana / Batik (Cemara) 0000000052,28', '9', 'Belum Selesai'),
(1035, 'T0000052', 32, 16, 'Rogotrunan 01,99999,Olahraga (TC) 0000000052,28', '9', 'Belum Selesai'),
(1036, 'T0000052', 34, 16, 'Rogotrunan 01,99999,Pramuka (Dril) 0000000052,28', '9', 'Belum Selesai'),
(1037, 'T0000052', 28, 17, 'Rogotrunan 01,99999,Merah Putih (Dril) 0000000052,28', '9', 'Belum Selesai'),
(1038, 'T0000052', 31, 17, 'Rogotrunan 01,99999,Busana / Batik (Cemara) 0000000052,28', '1', 'Belum Selesai'),
(1039, 'T0000052', 32, 17, 'Rogotrunan 01,99999,Olahraga (TC) 0000000052,28', '9', 'Belum Selesai'),
(1040, 'T0000052', 34, 17, 'Rogotrunan 01,99999,Pramuka (Dril) 0000000052,28', '7', 'Belum Selesai'),
(1041, 'T0000053', 28, 5, 'Rogotrunan 02,99999,Merah Putih (Dril) 0000000053,28', '9', 'Belum Selesai'),
(1042, 'T0000053', 31, 5, 'Rogotrunan 02,99999,Busana / Batik (Cemara) 0000000053,28', '5', 'Belum Selesai'),
(1043, 'T0000053', 32, 5, 'Rogotrunan 02,99999,Olahraga (TC) 0000000053,28', '5', 'Belum Selesai'),
(1044, 'T0000053', 34, 5, 'Rogotrunan 02,99999,Pramuka (Dril) 0000000053,28', '1', 'Belum Selesai'),
(1045, 'T0000053', 28, 6, 'Rogotrunan 02,99999,Merah Putih (Dril) 0000000053,28', '1000000', 'Belum Selesai'),
(1046, 'T0000053', 31, 6, 'Rogotrunan 02,99999,Busana / Batik (Cemara) 0000000053,28', '1000000', 'Belum Selesai'),
(1047, 'T0000053', 32, 6, 'Rogotrunan 02,99999,Olahraga (TC) 0000000053,28', '1000000', 'Belum Selesai'),
(1048, 'T0000053', 34, 6, 'Rogotrunan 02,99999,Pramuka (Dril) 0000000053,28', '1000000', 'Belum Selesai'),
(1049, 'T0000053', 28, 7, 'Rogotrunan 02,99999,Merah Putih (Dril) 0000000053,28', '28', 'Belum Selesai'),
(1050, 'T0000053', 31, 7, 'Rogotrunan 02,99999,Busana / Batik (Cemara) 0000000053,28', '28', 'Belum Selesai'),
(1051, 'T0000053', 32, 7, 'Rogotrunan 02,99999,Olahraga (TC) 0000000053,28', '28', 'Belum Selesai'),
(1052, 'T0000053', 34, 7, 'Rogotrunan 02,99999,Pramuka (Dril) 0000000053,28', '28', 'Belum Selesai'),
(1053, 'T0000053', 28, 16, 'Rogotrunan 02,99999,Merah Putih (Dril) 0000000053,28', '3', 'Belum Selesai'),
(1054, 'T0000053', 31, 16, 'Rogotrunan 02,99999,Busana / Batik (Cemara) 0000000053,28', '3', 'Belum Selesai'),
(1055, 'T0000053', 32, 16, 'Rogotrunan 02,99999,Olahraga (TC) 0000000053,28', '3', 'Belum Selesai'),
(1056, 'T0000053', 34, 16, 'Rogotrunan 02,99999,Pramuka (Dril) 0000000053,28', '3', 'Belum Selesai'),
(1057, 'T0000053', 28, 17, 'Rogotrunan 02,99999,Merah Putih (Dril) 0000000053,28', '3', 'Belum Selesai'),
(1058, 'T0000053', 31, 17, 'Rogotrunan 02,99999,Busana / Batik (Cemara) 0000000053,28', '7', 'Belum Selesai'),
(1059, 'T0000053', 32, 17, 'Rogotrunan 02,99999,Olahraga (TC) 0000000053,28', '7', 'Belum Selesai'),
(1060, 'T0000053', 34, 17, 'Rogotrunan 02,99999,Pramuka (Dril) 0000000053,28', '9', 'Belum Selesai'),
(1061, 'T0000054', 28, 5, 'Dorogowok 01,99999,Merah Putih (Dril) 0000000054,25', '5', 'Belum Selesai'),
(1062, 'T0000054', 31, 5, 'Dorogowok 01,99999,Busana / Batik (Cemara) 0000000054,25', '5', 'Belum Selesai'),
(1063, 'T0000054', 33, 5, 'Dorogowok 01,99999,Olahraga (Katun) 0000000054,25', '7', 'Belum Selesai'),
(1064, 'T0000054', 34, 5, 'Dorogowok 01,99999,Pramuka (Dril) 0000000054,25', '5', 'Belum Selesai'),
(1065, 'T0000054', 28, 6, 'Dorogowok 01,99999,Merah Putih (Dril) 0000000054,25', '300000', 'Belum Selesai'),
(1066, 'T0000054', 31, 6, 'Dorogowok 01,99999,Busana / Batik (Cemara) 0000000054,25', '300000', 'Belum Selesai'),
(1067, 'T0000054', 33, 6, 'Dorogowok 01,99999,Olahraga (Katun) 0000000054,25', '300000', 'Belum Selesai'),
(1068, 'T0000054', 34, 6, 'Dorogowok 01,99999,Pramuka (Dril) 0000000054,25', '300000', 'Belum Selesai'),
(1069, 'T0000054', 28, 7, 'Dorogowok 01,99999,Merah Putih (Dril) 0000000054,25', '25', 'Belum Selesai'),
(1070, 'T0000054', 31, 7, 'Dorogowok 01,99999,Busana / Batik (Cemara) 0000000054,25', '25', 'Belum Selesai'),
(1071, 'T0000054', 33, 7, 'Dorogowok 01,99999,Olahraga (Katun) 0000000054,25', '25', 'Belum Selesai'),
(1072, 'T0000054', 34, 7, 'Dorogowok 01,99999,Pramuka (Dril) 0000000054,25', '25', 'Belum Selesai'),
(1073, 'T0000054', 28, 16, 'Dorogowok 01,99999,Merah Putih (Dril) 0000000054,25', '5', 'Belum Selesai'),
(1074, 'T0000054', 31, 16, 'Dorogowok 01,99999,Busana / Batik (Cemara) 0000000054,25', '5', 'Belum Selesai'),
(1075, 'T0000054', 33, 16, 'Dorogowok 01,99999,Olahraga (Katun) 0000000054,25', '5', 'Belum Selesai'),
(1076, 'T0000054', 34, 16, 'Dorogowok 01,99999,Pramuka (Dril) 0000000054,25', '5', 'Belum Selesai'),
(1077, 'T0000054', 28, 17, 'Dorogowok 01,99999,Merah Putih (Dril) 0000000054,25', '7', 'Belum Selesai'),
(1078, 'T0000054', 31, 17, 'Dorogowok 01,99999,Busana / Batik (Cemara) 0000000054,25', '3', 'Belum Selesai'),
(1079, 'T0000054', 33, 17, 'Dorogowok 01,99999,Olahraga (Katun) 0000000054,25', '1', 'Belum Selesai'),
(1080, 'T0000054', 34, 17, 'Dorogowok 01,99999,Pramuka (Dril) 0000000054,25', '5', 'Belum Selesai'),
(1081, 'T0000055', 30, 5, 'Kedungmoro 01,99999,Merah Putih (Osfot) 0000000055,20', '5', 'Belum Selesai'),
(1082, 'T0000055', 31, 5, 'Kedungmoro 01,99999,Busana / Batik (Cemara) 0000000055,20', '1', 'Belum Selesai'),
(1083, 'T0000055', 32, 5, 'Kedungmoro 01,99999,Olahraga (TC) 0000000055,20', '5', 'Belum Selesai'),
(1084, 'T0000055', 36, 5, 'Kedungmoro 01,99999,Pramuka (Osfot) 0000000055,20', '1', 'Belum Selesai'),
(1085, 'T0000055', 30, 6, 'Kedungmoro 01,99999,Merah Putih (Osfot) 0000000055,20', '500000', 'Belum Selesai'),
(1086, 'T0000055', 31, 6, 'Kedungmoro 01,99999,Busana / Batik (Cemara) 0000000055,20', '500000', 'Belum Selesai'),
(1087, 'T0000055', 32, 6, 'Kedungmoro 01,99999,Olahraga (TC) 0000000055,20', '500000', 'Belum Selesai'),
(1088, 'T0000055', 36, 6, 'Kedungmoro 01,99999,Pramuka (Osfot) 0000000055,20', '500000', 'Belum Selesai'),
(1089, 'T0000055', 30, 7, 'Kedungmoro 01,99999,Merah Putih (Osfot) 0000000055,20', '20', 'Belum Selesai'),
(1090, 'T0000055', 31, 7, 'Kedungmoro 01,99999,Busana / Batik (Cemara) 0000000055,20', '20', 'Belum Selesai'),
(1091, 'T0000055', 32, 7, 'Kedungmoro 01,99999,Olahraga (TC) 0000000055,20', '20', 'Belum Selesai'),
(1092, 'T0000055', 36, 7, 'Kedungmoro 01,99999,Pramuka (Osfot) 0000000055,20', '20', 'Belum Selesai'),
(1093, 'T0000055', 30, 16, 'Kedungmoro 01,99999,Merah Putih (Osfot) 0000000055,20', '3', 'Belum Selesai'),
(1094, 'T0000055', 31, 16, 'Kedungmoro 01,99999,Busana / Batik (Cemara) 0000000055,20', '3', 'Belum Selesai'),
(1095, 'T0000055', 32, 16, 'Kedungmoro 01,99999,Olahraga (TC) 0000000055,20', '3', 'Belum Selesai'),
(1096, 'T0000055', 36, 16, 'Kedungmoro 01,99999,Pramuka (Osfot) 0000000055,20', '3', 'Belum Selesai'),
(1097, 'T0000055', 30, 17, 'Kedungmoro 01,99999,Merah Putih (Osfot) 0000000055,20', '9', 'Belum Selesai'),
(1098, 'T0000055', 31, 17, 'Kedungmoro 01,99999,Busana / Batik (Cemara) 0000000055,20', '1', 'Belum Selesai'),
(1099, 'T0000055', 32, 17, 'Kedungmoro 01,99999,Olahraga (TC) 0000000055,20', '1', 'Belum Selesai'),
(1100, 'T0000055', 36, 17, 'Kedungmoro 01,99999,Pramuka (Osfot) 0000000055,20', '7', 'Belum Selesai'),
(1101, 'T0000056', 29, 5, 'Kunir Lor 01,99999,Merah Putih (Famatex) 0000000056,84', '9', 'Belum Selesai'),
(1102, 'T0000056', 31, 5, 'Kunir Lor 01,99999,Busana / Batik (Cemara) 0000000056,84', '5', 'Belum Selesai'),
(1103, 'T0000056', 32, 5, 'Kunir Lor 01,99999,Olahraga (TC) 0000000056,84', '9', 'Belum Selesai'),
(1104, 'T0000056', 35, 5, 'Kunir Lor 01,99999,Pramuka (Famatex) 0000000056,84', '1', 'Belum Selesai'),
(1105, 'T0000056', 29, 6, 'Kunir Lor 01,99999,Merah Putih (Famatex) 0000000056,84', '2500000', 'Belum Selesai'),
(1106, 'T0000056', 31, 6, 'Kunir Lor 01,99999,Busana / Batik (Cemara) 0000000056,84', '2500000', 'Belum Selesai'),
(1107, 'T0000056', 32, 6, 'Kunir Lor 01,99999,Olahraga (TC) 0000000056,84', '2500000', 'Belum Selesai'),
(1108, 'T0000056', 35, 6, 'Kunir Lor 01,99999,Pramuka (Famatex) 0000000056,84', '2500000', 'Belum Selesai'),
(1109, 'T0000056', 29, 7, 'Kunir Lor 01,99999,Merah Putih (Famatex) 0000000056,84', '84', 'Belum Selesai'),
(1110, 'T0000056', 31, 7, 'Kunir Lor 01,99999,Busana / Batik (Cemara) 0000000056,84', '84', 'Belum Selesai'),
(1111, 'T0000056', 32, 7, 'Kunir Lor 01,99999,Olahraga (TC) 0000000056,84', '84', 'Belum Selesai'),
(1112, 'T0000056', 35, 7, 'Kunir Lor 01,99999,Pramuka (Famatex) 0000000056,84', '84', 'Belum Selesai'),
(1113, 'T0000056', 29, 16, 'Kunir Lor 01,99999,Merah Putih (Famatex) 0000000056,84', '7', 'Belum Selesai'),
(1114, 'T0000056', 31, 16, 'Kunir Lor 01,99999,Busana / Batik (Cemara) 0000000056,84', '7', 'Belum Selesai'),
(1115, 'T0000056', 32, 16, 'Kunir Lor 01,99999,Olahraga (TC) 0000000056,84', '7', 'Belum Selesai'),
(1116, 'T0000056', 35, 16, 'Kunir Lor 01,99999,Pramuka (Famatex) 0000000056,84', '7', 'Belum Selesai'),
(1117, 'T0000056', 29, 17, 'Kunir Lor 01,99999,Merah Putih (Famatex) 0000000056,84', '3', 'Belum Selesai'),
(1118, 'T0000056', 31, 17, 'Kunir Lor 01,99999,Busana / Batik (Cemara) 0000000056,84', '7', 'Belum Selesai'),
(1119, 'T0000056', 32, 17, 'Kunir Lor 01,99999,Olahraga (TC) 0000000056,84', '3', 'Belum Selesai'),
(1120, 'T0000056', 35, 17, 'Kunir Lor 01,99999,Pramuka (Famatex) 0000000056,84', '7', 'Belum Selesai'),
(1121, 'T0000057', 30, 5, 'Kunir Kidul 01,99999,Merah Putih (Osfot) 0000000057,28', '1', 'Belum Selesai'),
(1122, 'T0000057', 31, 5, 'Kunir Kidul 01,99999,Busana / Batik (Cemara) 0000000057,28', '5', 'Belum Selesai'),
(1123, 'T0000057', 33, 5, 'Kunir Kidul 01,99999,Olahraga (Katun) 0000000057,28', '1', 'Belum Selesai'),
(1124, 'T0000057', 36, 5, 'Kunir Kidul 01,99999,Pramuka (Osfot) 0000000057,28', '1', 'Belum Selesai'),
(1125, 'T0000057', 30, 6, 'Kunir Kidul 01,99999,Merah Putih (Osfot) 0000000057,28', '1000000', 'Belum Selesai'),
(1126, 'T0000057', 31, 6, 'Kunir Kidul 01,99999,Busana / Batik (Cemara) 0000000057,28', '1000000', 'Belum Selesai'),
(1127, 'T0000057', 33, 6, 'Kunir Kidul 01,99999,Olahraga (Katun) 0000000057,28', '1000000', 'Belum Selesai'),
(1128, 'T0000057', 36, 6, 'Kunir Kidul 01,99999,Pramuka (Osfot) 0000000057,28', '1000000', 'Belum Selesai'),
(1129, 'T0000057', 30, 7, 'Kunir Kidul 01,99999,Merah Putih (Osfot) 0000000057,28', '28', 'Belum Selesai'),
(1130, 'T0000057', 31, 7, 'Kunir Kidul 01,99999,Busana / Batik (Cemara) 0000000057,28', '28', 'Belum Selesai'),
(1131, 'T0000057', 33, 7, 'Kunir Kidul 01,99999,Olahraga (Katun) 0000000057,28', '28', 'Belum Selesai'),
(1132, 'T0000057', 36, 7, 'Kunir Kidul 01,99999,Pramuka (Osfot) 0000000057,28', '28', 'Belum Selesai'),
(1133, 'T0000057', 30, 16, 'Kunir Kidul 01,99999,Merah Putih (Osfot) 0000000057,28', '3', 'Belum Selesai'),
(1134, 'T0000057', 31, 16, 'Kunir Kidul 01,99999,Busana / Batik (Cemara) 0000000057,28', '3', 'Belum Selesai'),
(1135, 'T0000057', 33, 16, 'Kunir Kidul 01,99999,Olahraga (Katun) 0000000057,28', '3', 'Belum Selesai'),
(1136, 'T0000057', 36, 16, 'Kunir Kidul 01,99999,Pramuka (Osfot) 0000000057,28', '3', 'Belum Selesai'),
(1137, 'T0000057', 30, 17, 'Kunir Kidul 01,99999,Merah Putih (Osfot) 0000000057,28', '9', 'Belum Selesai'),
(1138, 'T0000057', 31, 17, 'Kunir Kidul 01,99999,Busana / Batik (Cemara) 0000000057,28', '3', 'Belum Selesai'),
(1139, 'T0000057', 33, 17, 'Kunir Kidul 01,99999,Olahraga (Katun) 0000000057,28', '5', 'Belum Selesai'),
(1140, 'T0000057', 36, 17, 'Kunir Kidul 01,99999,Pramuka (Osfot) 0000000057,28', '5', 'Belum Selesai'),
(1141, 'T0000058', 29, 5, 'Kunir Kidul 02,99999,Merah Putih (Famatex) 0000000058,28', '9', 'Belum Selesai'),
(1142, 'T0000058', 31, 5, 'Kunir Kidul 02,99999,Busana / Batik (Cemara) 0000000058,28', '5', 'Belum Selesai'),
(1143, 'T0000058', 32, 5, 'Kunir Kidul 02,99999,Olahraga (TC) 0000000058,28', '7', 'Belum Selesai'),
(1144, 'T0000058', 35, 5, 'Kunir Kidul 02,99999,Pramuka (Famatex) 0000000058,28', '7', 'Belum Selesai'),
(1145, 'T0000058', 29, 6, 'Kunir Kidul 02,99999,Merah Putih (Famatex) 0000000058,28', '500000', 'Belum Selesai'),
(1146, 'T0000058', 31, 6, 'Kunir Kidul 02,99999,Busana / Batik (Cemara) 0000000058,28', '500000', 'Belum Selesai'),
(1147, 'T0000058', 32, 6, 'Kunir Kidul 02,99999,Olahraga (TC) 0000000058,28', '500000', 'Belum Selesai'),
(1148, 'T0000058', 35, 6, 'Kunir Kidul 02,99999,Pramuka (Famatex) 0000000058,28', '500000', 'Belum Selesai'),
(1149, 'T0000058', 29, 7, 'Kunir Kidul 02,99999,Merah Putih (Famatex) 0000000058,28', '28', 'Belum Selesai'),
(1150, 'T0000058', 31, 7, 'Kunir Kidul 02,99999,Busana / Batik (Cemara) 0000000058,28', '28', 'Belum Selesai'),
(1151, 'T0000058', 32, 7, 'Kunir Kidul 02,99999,Olahraga (TC) 0000000058,28', '28', 'Belum Selesai'),
(1152, 'T0000058', 35, 7, 'Kunir Kidul 02,99999,Pramuka (Famatex) 0000000058,28', '28', 'Belum Selesai'),
(1153, 'T0000058', 29, 16, 'Kunir Kidul 02,99999,Merah Putih (Famatex) 0000000058,28', '5', 'Belum Selesai'),
(1154, 'T0000058', 31, 16, 'Kunir Kidul 02,99999,Busana / Batik (Cemara) 0000000058,28', '5', 'Belum Selesai'),
(1155, 'T0000058', 32, 16, 'Kunir Kidul 02,99999,Olahraga (TC) 0000000058,28', '5', 'Belum Selesai'),
(1156, 'T0000058', 35, 16, 'Kunir Kidul 02,99999,Pramuka (Famatex) 0000000058,28', '5', 'Belum Selesai'),
(1157, 'T0000058', 29, 17, 'Kunir Kidul 02,99999,Merah Putih (Famatex) 0000000058,28', '3', 'Belum Selesai'),
(1158, 'T0000058', 31, 17, 'Kunir Kidul 02,99999,Busana / Batik (Cemara) 0000000058,28', '7', 'Belum Selesai'),
(1159, 'T0000058', 32, 17, 'Kunir Kidul 02,99999,Olahraga (TC) 0000000058,28', '3', 'Belum Selesai'),
(1160, 'T0000058', 35, 17, 'Kunir Kidul 02,99999,Pramuka (Famatex) 0000000058,28', '7', 'Belum Selesai'),
(1161, 'T0000059', 30, 5, 'Jatimulyo 01,99999,Merah Putih (Osfot) 0000000059,15', '1', 'Belum Selesai'),
(1162, 'T0000059', 31, 5, 'Jatimulyo 01,99999,Busana / Batik (Cemara) 0000000059,15', '3', 'Belum Selesai'),
(1163, 'T0000059', 33, 5, 'Jatimulyo 01,99999,Olahraga (Katun) 0000000059,15', '5', 'Belum Selesai'),
(1164, 'T0000059', 36, 5, 'Jatimulyo 01,99999,Pramuka (Osfot) 0000000059,15', '7', 'Belum Selesai'),
(1165, 'T0000059', 30, 6, 'Jatimulyo 01,99999,Merah Putih (Osfot) 0000000059,15', '300000', 'Belum Selesai'),
(1166, 'T0000059', 31, 6, 'Jatimulyo 01,99999,Busana / Batik (Cemara) 0000000059,15', '300000', 'Belum Selesai'),
(1167, 'T0000059', 33, 6, 'Jatimulyo 01,99999,Olahraga (Katun) 0000000059,15', '300000', 'Belum Selesai'),
(1168, 'T0000059', 36, 6, 'Jatimulyo 01,99999,Pramuka (Osfot) 0000000059,15', '300000', 'Belum Selesai'),
(1169, 'T0000059', 30, 7, 'Jatimulyo 01,99999,Merah Putih (Osfot) 0000000059,15', '15', 'Belum Selesai'),
(1170, 'T0000059', 31, 7, 'Jatimulyo 01,99999,Busana / Batik (Cemara) 0000000059,15', '15', 'Belum Selesai'),
(1171, 'T0000059', 33, 7, 'Jatimulyo 01,99999,Olahraga (Katun) 0000000059,15', '15', 'Belum Selesai'),
(1172, 'T0000059', 36, 7, 'Jatimulyo 01,99999,Pramuka (Osfot) 0000000059,15', '15', 'Belum Selesai'),
(1173, 'T0000059', 30, 16, 'Jatimulyo 01,99999,Merah Putih (Osfot) 0000000059,15', '1', 'Belum Selesai'),
(1174, 'T0000059', 31, 16, 'Jatimulyo 01,99999,Busana / Batik (Cemara) 0000000059,15', '1', 'Belum Selesai'),
(1175, 'T0000059', 33, 16, 'Jatimulyo 01,99999,Olahraga (Katun) 0000000059,15', '1', 'Belum Selesai'),
(1176, 'T0000059', 36, 16, 'Jatimulyo 01,99999,Pramuka (Osfot) 0000000059,15', '1', 'Belum Selesai'),
(1177, 'T0000059', 30, 17, 'Jatimulyo 01,99999,Merah Putih (Osfot) 0000000059,15', '1', 'Belum Selesai'),
(1178, 'T0000059', 31, 17, 'Jatimulyo 01,99999,Busana / Batik (Cemara) 0000000059,15', '9', 'Belum Selesai'),
(1179, 'T0000059', 33, 17, 'Jatimulyo 01,99999,Olahraga (Katun) 0000000059,15', '3', 'Belum Selesai'),
(1180, 'T0000059', 36, 17, 'Jatimulyo 01,99999,Pramuka (Osfot) 0000000059,15', '7', 'Belum Selesai'),
(1181, 'T0000060', 29, 5, 'Jatigono 01,99999,Merah Putih (Famatex) 0000000060,22', '7', 'Belum Selesai'),
(1182, 'T0000060', 31, 5, 'Jatigono 01,99999,Busana / Batik (Cemara) 0000000060,22', '7', 'Belum Selesai'),
(1183, 'T0000060', 33, 5, 'Jatigono 01,99999,Olahraga (Katun) 0000000060,22', '3', 'Belum Selesai'),
(1184, 'T0000060', 35, 5, 'Jatigono 01,99999,Pramuka (Famatex) 0000000060,22', '1', 'Belum Selesai'),
(1185, 'T0000060', 29, 6, 'Jatigono 01,99999,Merah Putih (Famatex) 0000000060,22', '500000', 'Belum Selesai'),
(1186, 'T0000060', 31, 6, 'Jatigono 01,99999,Busana / Batik (Cemara) 0000000060,22', '500000', 'Belum Selesai'),
(1187, 'T0000060', 33, 6, 'Jatigono 01,99999,Olahraga (Katun) 0000000060,22', '500000', 'Belum Selesai'),
(1188, 'T0000060', 35, 6, 'Jatigono 01,99999,Pramuka (Famatex) 0000000060,22', '500000', 'Belum Selesai'),
(1189, 'T0000060', 29, 7, 'Jatigono 01,99999,Merah Putih (Famatex) 0000000060,22', '22', 'Belum Selesai'),
(1190, 'T0000060', 31, 7, 'Jatigono 01,99999,Busana / Batik (Cemara) 0000000060,22', '22', 'Belum Selesai'),
(1191, 'T0000060', 33, 7, 'Jatigono 01,99999,Olahraga (Katun) 0000000060,22', '22', 'Belum Selesai'),
(1192, 'T0000060', 35, 7, 'Jatigono 01,99999,Pramuka (Famatex) 0000000060,22', '22', 'Belum Selesai'),
(1193, 'T0000060', 29, 16, 'Jatigono 01,99999,Merah Putih (Famatex) 0000000060,22', '3', 'Belum Selesai'),
(1194, 'T0000060', 31, 16, 'Jatigono 01,99999,Busana / Batik (Cemara) 0000000060,22', '3', 'Belum Selesai'),
(1195, 'T0000060', 33, 16, 'Jatigono 01,99999,Olahraga (Katun) 0000000060,22', '3', 'Belum Selesai'),
(1196, 'T0000060', 35, 16, 'Jatigono 01,99999,Pramuka (Famatex) 0000000060,22', '3', 'Belum Selesai'),
(1197, 'T0000060', 29, 17, 'Jatigono 01,99999,Merah Putih (Famatex) 0000000060,22', '9', 'Belum Selesai'),
(1198, 'T0000060', 31, 17, 'Jatigono 01,99999,Busana / Batik (Cemara) 0000000060,22', '3', 'Belum Selesai'),
(1199, 'T0000060', 33, 17, 'Jatigono 01,99999,Olahraga (Katun) 0000000060,22', '1', 'Belum Selesai'),
(1200, 'T0000060', 35, 17, 'Jatigono 01,99999,Pramuka (Famatex) 0000000060,22', '9', 'Belum Selesai'),
(1201, 'T0000061', 30, 5, 'Al-Firdaus,99999,Merah Putih (Osfot) 0000000061,84', '3', 'Belum Selesai'),
(1202, 'T0000061', 31, 5, 'Al-Firdaus,99999,Busana / Batik (Cemara) 0000000061,84', '9', 'Belum Selesai'),
(1203, 'T0000061', 32, 5, 'Al-Firdaus,99999,Olahraga (TC) 0000000061,84', '5', 'Belum Selesai'),
(1204, 'T0000061', 36, 5, 'Al-Firdaus,99999,Pramuka (Osfot) 0000000061,84', '5', 'Belum Selesai'),
(1205, 'T0000061', 30, 6, 'Al-Firdaus,99999,Merah Putih (Osfot) 0000000061,84', '400000', 'Belum Selesai'),
(1206, 'T0000061', 31, 6, 'Al-Firdaus,99999,Busana / Batik (Cemara) 0000000061,84', '400000', 'Belum Selesai'),
(1207, 'T0000061', 32, 6, 'Al-Firdaus,99999,Olahraga (TC) 0000000061,84', '400000', 'Belum Selesai'),
(1208, 'T0000061', 36, 6, 'Al-Firdaus,99999,Pramuka (Osfot) 0000000061,84', '400000', 'Belum Selesai'),
(1209, 'T0000061', 30, 7, 'Al-Firdaus,99999,Merah Putih (Osfot) 0000000061,84', '84', 'Belum Selesai'),
(1210, 'T0000061', 31, 7, 'Al-Firdaus,99999,Busana / Batik (Cemara) 0000000061,84', '84', 'Belum Selesai'),
(1211, 'T0000061', 32, 7, 'Al-Firdaus,99999,Olahraga (TC) 0000000061,84', '84', 'Belum Selesai'),
(1212, 'T0000061', 36, 7, 'Al-Firdaus,99999,Pramuka (Osfot) 0000000061,84', '84', 'Belum Selesai'),
(1213, 'T0000061', 30, 16, 'Al-Firdaus,99999,Merah Putih (Osfot) 0000000061,84', '5', 'Belum Selesai'),
(1214, 'T0000061', 31, 16, 'Al-Firdaus,99999,Busana / Batik (Cemara) 0000000061,84', '5', 'Belum Selesai'),
(1215, 'T0000061', 32, 16, 'Al-Firdaus,99999,Olahraga (TC) 0000000061,84', '5', 'Belum Selesai'),
(1216, 'T0000061', 36, 16, 'Al-Firdaus,99999,Pramuka (Osfot) 0000000061,84', '5', 'Belum Selesai'),
(1217, 'T0000061', 30, 17, 'Al-Firdaus,99999,Merah Putih (Osfot) 0000000061,84', '7', 'Belum Selesai'),
(1218, 'T0000061', 31, 17, 'Al-Firdaus,99999,Busana / Batik (Cemara) 0000000061,84', '5', 'Belum Selesai'),
(1219, 'T0000061', 32, 17, 'Al-Firdaus,99999,Olahraga (TC) 0000000061,84', '9', 'Belum Selesai'),
(1220, 'T0000061', 36, 17, 'Al-Firdaus,99999,Pramuka (Osfot) 0000000061,84', '5', 'Belum Selesai');

-- --------------------------------------------------------

--
-- Struktur dari tabel `jenis_kain`
--

CREATE TABLE `jenis_kain` (
  `id_jenis_kain` int(11) NOT NULL,
  `nama_jenis_kain` varchar(255) NOT NULL
) ENGINE=InnoDB DEFAULT CHARSET=utf8mb4;

--
-- Dumping data untuk tabel `jenis_kain`
--

INSERT INTO `jenis_kain` (`id_jenis_kain`, `nama_jenis_kain`) VALUES
(3, 'Dril'),
(4, 'Famatex'),
(5, 'Osfot'),
(6, 'TC'),
(7, 'Katun'),
(8, 'Cemara');

-- --------------------------------------------------------

--
-- Struktur dari tabel `kriteria`
--

CREATE TABLE `kriteria` (
  `id_kriteria` int(3) NOT NULL,
  `nama_kriteria` varchar(50) NOT NULL,
  `atribut` enum('Benefit','Cost') NOT NULL,
  `bobot` double(3,3) NOT NULL
) ENGINE=InnoDB DEFAULT CHARSET=utf8mb4;

--
-- Dumping data untuk tabel `kriteria`
--

INSERT INTO `kriteria` (`id_kriteria`, `nama_kriteria`, `atribut`, `bobot`) VALUES
(5, 'Bahan', 'Cost', 0.187),
(6, 'DP', 'Benefit', 0.151),
(7, 'Jumlah', 'Cost', 0.172),
(16, 'Kepercayaan', 'Benefit', 0.184),
(17, 'Kesulitan', 'Cost', 0.306);

-- --------------------------------------------------------

--
-- Struktur dari tabel `transaksi`
--

CREATE TABLE `transaksi` (
  `id_transaksi` varchar(8) NOT NULL,
  `tgl_transaksi` date NOT NULL,
  `nama_customer` varchar(50) NOT NULL,
  `no_hp` varchar(15) NOT NULL,
  `down_payment` int(11) NOT NULL,
  `total_harga` int(9) NOT NULL,
  `status_transaksi` varchar(255) NOT NULL
) ENGINE=InnoDB DEFAULT CHARSET=utf8mb4;

--
-- Dumping data untuk tabel `transaksi`
--

INSERT INTO `transaksi` (`id_transaksi`, `tgl_transaksi`, `nama_customer`, `no_hp`, `down_payment`, `total_harga`, `status_transaksi`) VALUES
('T0000001', '2021-08-09', 'Purworejo', '99999', 8000000, 18872000, 'Belum'),
('T0000002', '2021-08-09', 'Karanganom 01', '09999', 6000000, 18872000, 'Belum'),
('T0000003', '2021-08-09', 'Karanganom 02', '09999', 2000000, 8596000, 'Belum'),
('T0000004', '2021-08-09', 'Sari Kemuning 01', '99999', 6000000, 8596000, 'Belum'),
('T0000005', '2021-08-09', 'Sari Kemuning 02', '99999', 2000000, 8316000, 'Belum'),
('T0000006', '2021-08-09', 'MI Pagowan', '99999', 8000000, 30828000, 'Belum'),
('T0000007', '2021-08-09', 'Karangasem 01', '99999', 6000000, 19992000, 'Belum'),
('T0000008', '2021-08-09', 'Karangasem 02', '99999', 4800000, 9996000, 'Belum'),
('T0000009', '2021-08-09', 'Karangasem 03', '99999', 2000000, 9996000, 'Belum'),
('T0000010', '2021-08-09', 'Jambekumbu 01', '99999', 10000000, 19992000, 'Belum'),
('T0000011', '2021-08-09', 'Jambekumbu 02', '99999', 6000000, 9436000, 'Belum'),
('T0000012', '2021-08-09', 'Jambekumbu 03', '99999', 2000000, 9716000, 'Belum'),
('T0000013', '2021-08-09', 'Senduro 01', '99999', 8000000, 19432000, 'Belum'),
('T0000014', '2021-08-09', 'Senduro 02', '99999', 5200000, 8596000, 'Belum'),
('T0000015', '2021-08-09', 'Senduro 03', '99999', 4800000, 10276000, 'Belum'),
('T0000016', '2021-08-09', 'Tepus 01', '99999', 6400000, 17192000, 'Belum'),
('T0000017', '2021-08-09', 'Tepus 02', '99999', 3000000, 10276000, 'Belum'),
('T0000018', '2021-08-09', 'Tepus 03', '99999', 3000000, 8316000, 'Belum'),
('T0000019', '2021-08-09', 'Kandangan 01', '99999', 3000000, 8316000, 'Belum'),
('T0000020', '2021-08-09', 'Kandangan 02', '99999', 4400000, 9996000, 'Belum'),
('T0000021', '2021-08-09', 'Wonocempoko Ayu 01', '99999', 2200000, 8316000, 'Belum'),
('T0000022', '2021-08-09', 'Bedayu 01', '99999', 4000000, 9436000, 'Belum'),
('T0000023', '2021-08-09', 'Bedayu Talang 01', '99999', 5200000, 9436000, 'Belum'),
('T0000024', '2021-08-09', 'Argosari 01', '99999', 8800000, 14282000, 'Belum'),
('T0000025', '2021-08-09', 'Argosari 02', '99999', 4400000, 7396000, 'Belum'),
('T0000026', '2021-08-09', 'Argosari 03', '99999', 3120000, 8596000, 'Belum'),
('T0000027', '2021-08-09', 'Pandansari 01', '99999', 9200000, 16632000, 'Belum'),
('T0000028', '2021-08-09', 'Pandansari 02', '99999', 6000000, 8316000, 'Belum'),
('T0000029', '2021-08-09', 'Pandansari 03', '99999', 4800000, 9436000, 'Belum'),
('T0000030', '2021-08-09', 'Mojo 02', '99999', 2000000, 7425000, 'Belum'),
('T0000031', '2021-08-09', 'Padang 01', '99999', 6800000, 16632000, 'Belum'),
('T0000032', '2021-08-09', 'Padang 02', '99999', 4400000, 8316000, 'Belum'),
('T0000033', '2021-08-09', 'Padang 03', '99999', 5600000, 8596000, 'Belum'),
('T0000034', '2021-08-09', 'Kalisemut 01', '99999', 5200000, 9996000, 'Belum'),
('T0000035', '2021-08-09', 'Gucialit 01', '99999', 6000000, 14850000, 'Belum'),
('T0000036', '2021-08-09', 'Gucialit 02', '99999', 1600000, 8925000, 'Belum'),
('T0000037', '2021-08-09', 'Gucialit 03', '99999', 1200000, 8925000, 'Belum'),
('T0000038', '2021-08-09', 'Dawuhan 01', '99999', 8000000, 16632000, 'Belum'),
('T0000039', '2021-08-09', 'Dawuhan 02', '99999', 4000000, 9716000, 'Belum'),
('T0000040', '2021-08-09', 'Dawuhan 03', '99999', 4800000, 7676000, 'Belum'),
('T0000041', '2021-08-09', 'Duren 01', '99999', 2000000, 9175000, 'Belum'),
('T0000042', '2021-08-09', 'Tanggung 01', '99999', 4000000, 6496000, 'Belum'),
('T0000043', '2021-08-09', 'Tanggung 02', '99999', 6000000, 9996000, 'Belum'),
('T0000044', '2021-08-09', 'Tempursari 01', '99999', 4000000, 9436000, 'Belum'),
('T0000045', '2021-08-09', 'Umbul 02', '99999', 4800000, 7096000, 'Belum'),
('T0000046', '2021-08-09', 'Klakah 01', '99999', 10000000, 18872000, 'Belum'),
('T0000047', '2021-08-09', 'Mlawang 01', '99999', 6000000, 19432000, 'Belum'),
('T0000048', '2021-08-09', 'Ranuyoso 01', '99999', 6000000, 17192000, 'Belum'),
('T0000049', '2021-08-09', 'Ditotrunan 01', '99999', 10000000, 30828000, 'Belum'),
('T0000050', '2021-08-09', 'Jogotrunan 01', '99999', 8000000, 14392000, 'Belum'),
('T0000051', '2021-08-09', 'Citrodiwangsan 01', '99999', 6000000, 18872000, 'Belum'),
('T0000052', '2021-08-09', 'Rogotrunan 01', '99999', 2000000, 9436000, 'Belum'),
('T0000053', '2021-08-09', 'Rogotrunan 02', '99999', 4000000, 9436000, 'Belum'),
('T0000054', '2021-08-09', 'Dorogowok 01', '99999', 1200000, 8675000, 'Belum'),
('T0000055', '2021-08-09', 'Kedungmoro 01', '99999', 2000000, 4680000, 'Belum'),
('T0000056', '2021-08-09', 'Kunir Lor 01', '99999', 10000000, 29988000, 'Belum'),
('T0000057', '2021-08-09', 'Kunir Kidul 01', '99999', 4000000, 8596000, 'Belum'),
('T0000058', '2021-08-09', 'Kunir Kidul 02', '99999', 2000000, 9996000, 'Belum'),
('T0000059', '2021-08-09', 'Jatimulyo 01', '99999', 1200000, 4605000, 'Belum'),
('T0000060', '2021-08-09', 'Jatigono 01', '99999', 2000000, 8074000, 'Belum'),
('T0000061', '2021-08-09', 'Al-Firdaus', '99999', 1600000, 24948000, 'Belum');

-- --------------------------------------------------------

--
-- Struktur dari tabel `user`
--

CREATE TABLE `user` (
  `id_user` int(11) NOT NULL,
  `nama_user` varchar(50) NOT NULL,
  `email` varchar(50) NOT NULL,
  `password` varchar(60) NOT NULL,
  `role` varchar(50) NOT NULL
) ENGINE=InnoDB DEFAULT CHARSET=utf8mb4;

--
-- Dumping data untuk tabel `user`
--

INSERT INTO `user` (`id_user`, `nama_user`, `email`, `password`, `role`) VALUES
(4, 'admin', 'admin@mail.com', '$2y$10$tsWT/ayAoPFlPl0MGUZB7OwFkjNJ98etC1QyS4x3Spob0NP3namgq', 'Admin'),
(27, 'kasir', 'kasir@mail.com', '$2y$10$NfkgZ0NdeRKf3IPZKitvEOrLAvdNPkgDR0F6r5BVmqYr9UU3io8w2', 'Kasir'),
(29, 'pemilik', 'pemilik@mail.com', '$2y$10$J6UTfOV3VAFkZsw5pxKQHOITeyzNe7y02mXKRWBCZFOIKLlFQWNLi', 'Pemilik');

--
-- Indexes for dumped tables
--

--
-- Indeks untuk tabel `barang`
--
ALTER TABLE `barang`
  ADD PRIMARY KEY (`id_barang`);

--
-- Indeks untuk tabel `detail_transaksi`
--
ALTER TABLE `detail_transaksi`
  ADD PRIMARY KEY (`id_detail_transaksi`);

--
-- Indeks untuk tabel `jenis_kain`
--
ALTER TABLE `jenis_kain`
  ADD PRIMARY KEY (`id_jenis_kain`);

--
-- Indeks untuk tabel `kriteria`
--
ALTER TABLE `kriteria`
  ADD PRIMARY KEY (`id_kriteria`);

--
-- Indeks untuk tabel `transaksi`
--
ALTER TABLE `transaksi`
  ADD PRIMARY KEY (`id_transaksi`);

--
-- Indeks untuk tabel `user`
--
ALTER TABLE `user`
  ADD PRIMARY KEY (`id_user`);

--
-- AUTO_INCREMENT untuk tabel yang dibuang
--

--
-- AUTO_INCREMENT untuk tabel `barang`
--
ALTER TABLE `barang`
  MODIFY `id_barang` int(3) NOT NULL AUTO_INCREMENT, AUTO_INCREMENT=37;

--
-- AUTO_INCREMENT untuk tabel `detail_transaksi`
--
ALTER TABLE `detail_transaksi`
  MODIFY `id_detail_transaksi` int(9) NOT NULL AUTO_INCREMENT, AUTO_INCREMENT=1221;

--
-- AUTO_INCREMENT untuk tabel `jenis_kain`
--
ALTER TABLE `jenis_kain`
  MODIFY `id_jenis_kain` int(11) NOT NULL AUTO_INCREMENT, AUTO_INCREMENT=9;

--
-- AUTO_INCREMENT untuk tabel `kriteria`
--
ALTER TABLE `kriteria`
  MODIFY `id_kriteria` int(3) NOT NULL AUTO_INCREMENT, AUTO_INCREMENT=18;

--
-- AUTO_INCREMENT untuk tabel `user`
--
ALTER TABLE `user`
  MODIFY `id_user` int(11) NOT NULL AUTO_INCREMENT, AUTO_INCREMENT=30;
COMMIT;

/*!40101 SET CHARACTER_SET_CLIENT=@OLD_CHARACTER_SET_CLIENT */;
/*!40101 SET CHARACTER_SET_RESULTS=@OLD_CHARACTER_SET_RESULTS */;
/*!40101 SET COLLATION_CONNECTION=@OLD_COLLATION_CONNECTION */;
